Brand_ID,Brand_Name,Classification,Price,quality,fixed acidity,volatile acidity,citric acid,residual sugar,chlorides,free sulfur dioxide,total sulfur dioxide,density,pH,sulphates,alcohol,free_chlorides
R-1111,Blue Carriage Vintners,Red,26.99,7,10.2,0.29,0.49,2.6,0.059,5,13,0.9976,3.05,0.74,10.5,0.022681086
R-1112,Thirsty Writer Vintners,Red,12.99,5,7.6,0.39,0.31,2.3,0.082,23,71,0.9982,3.52,0.65,9.7,0.033915665
R-1113,Abnormally Normal Wine,Red,11.99,5,9.3,0.27,0.41,2,0.091,6,16,0.998,3.28,0.7,9.7,0.034677791
R-1114,Singlewave Vines,Red,16.99,6,8.9,0.24,0.39,1.6,0.074,3,10,0.99698,3.12,0.59,9.5,0.024111724
R-1115,Another Vineyards,Red,19.99,7,6.7,0.32,0.44,2.4,0.061,24,34,0.99484,3.29,0.8,11.6,0.021690045
R-1116,Underdog,Red,18.99,6,9.3,0.36,0.39,1.5,0.08,41,55,0.99652,3.47,0.73,10.9,0.025930853
R-1117,Bright Ring Vintners,Red,25.99,7,5.6,0.66,0,2.2,0.087,3,11,0.99378,3.71,0.63,12.8,0.019451885
R-1118,Busy Month Wine,Red,14.99,5,8.2,0.57,0.26,2.2,0.06,28,65,0.9959,3.3,0.43,10.1,0.033915665
R-1119,Roinad Vintners,Red,20.99,7,5.1,0.42,0,1.8,0.044,18,88,0.99157,3.68,0.73,13.6,0.020292043
R-1120,La Cabra,Red,15.99,6,9.3,0.39,0.4,2.6,0.073,10,26,0.9984,3.34,0.75,10.2,0.026612094
R-1121,Crazy Tomatoes,Red,19.99,7,6.6,0.56,0.14,2.4,0.064,13,29,0.99397,3.42,0.62,11.7,0.018972596
R-1122,La Escoba,Red,9.99,4,6.5,0.67,0,4.3,0.057,11,20,0.99488,3.45,0.56,11.8,0.051186503
R-1123,Nightfall Vineyards,Red,16.99,6,7.2,0.52,0.07,1.4,0.074,5,20,0.9973,3.32,0.81,9.6,0.032001946
R-1124,Loodon,Red,10.99,5,6.1,0.59,0.01,2.1,0.056,5,13,0.99472,3.52,0.56,11.4,0.043222496
R-1125,Real Nerve,Red,8.99,5,7.4,0.67,0.12,1.6,0.186,5,21,0.996,3.39,0.54,9.5,0.044135301
R-1126,La Araña,Red,17.99,6,8.9,0.5,0.21,2.2,0.088,21,39,0.99692,3.33,0.83,11.1,0.031887755
R-1127,Equable Fork,Red,10.99,5,7.1,0.43,0.42,5.5,0.07,29,129,0.9973,3.42,0.72,10.5,0.0419914
R-1128,El Rábano,Red,18.99,6,8.9,0.84,0.34,1.4,0.05,4,10,0.99554,3.12,0.48,9.1,0.031774175
R-1129,Instinctive Vines,Red,16.99,6,11.9,0.58,0.58,1.9,0.071,5,18,0.998,3.09,0.63,10,0.030886981
R-1130,Nonchalant Air,Red,25.99,7,8.9,0.48,0.53,4,0.101,3,10,0.99586,3.21,0.59,12.1,0.021065004
R-1131,Supernatural Vineyards,Red,14.99,6,5.7,0.6,0,1.4,0.063,11,18,0.99191,3.45,0.56,12.2,0.026268161
R-1132,Decisive Note Wines,Red,24.99,7,9.1,0.25,0.34,2,0.071,45,67,0.99769,3.44,0.86,10.2,0.023026566
R-1133,Hypnotic Suggestion Winery,Red,33.99,8,9.1,0.4,0.5,1.8,0.071,7,16,0.99462,3.21,0.69,12.5,0.01695421
R-1134,Literate,Red,15.99,6,8.7,0.69,0.31,3,0.086,23,81,1.0002,3.48,0.74,11.6,0.032818736
R-1135,Plausible Explanation Vines,Red,9.99,4,6.9,0.39,0.24,2.1,0.102,4,7,0.99462,3.44,0.58,11.4,0.053090955
R-1136,Majestically Dapper Vintners,Red,16.99,6,7.5,0.63,0.27,2,0.083,17,91,0.99616,3.26,0.58,9.8,0.023962657
R-1137,Blissfully Brash Wines,Red,11.99,5,12.5,0.56,0.49,2.4,0.064,5,27,0.9999,3.08,0.87,10.9,0.041143967
R-1138,Clean Slate Winery,Red,21.99,7,9.5,0.56,0.33,2.4,0.089,35,67,0.9972,3.28,0.73,11.8,0.023237656
R-1139,Cooing Roo Wine,Red,9.99,5,9.8,0.88,0.25,2.5,0.104,35,155,1.001,3.41,0.67,11.2,0.039057008
R-1140,Passkey,Red,8.99,5,6.4,0.57,0.14,3.9,0.07,27,73,0.99669,3.32,0.48,9.2,0.040812162
R-1141,Utter Vines,Red,19.99,6,8,0.18,0.37,0.9,0.049,36,109,0.99007,2.89,0.44,12.7,0.030245747
R-1142,Chaintwist Wines,Red,15.99,6,11.5,0.3,0.6,2,0.067,12,27,0.9981,3.11,0.97,10.1,0.02576463
R-1143,Upstart Wines,Red,9.99,5,7.4,0.55,0.19,1.8,0.082,15,34,0.99655,3.49,0.68,10.5,0.037268377
R-1144,Luxuriant,Red,20.99,7,11.6,0.41,0.54,1.5,0.095,22,41,0.99735,3.02,0.76,9.9,0.020882756
R-1145,Righteous Flowers,Red,11.99,5,7.5,0.725,0.04,1.5,0.076,8,15,0.99508,3.26,0.53,9.6,0.049382716
R-1146,Quack Magic Vintners,Red,14.99,5,7.1,0.48,0.28,2.8,0.068,6,16,0.99682,3.24,0.53,10.3,0.043584189
R-1147,El Formón,Red,16.99,6,10.3,0.53,0.48,2.5,0.063,6,25,0.9998,3.12,0.59,9.3,0.025436943
R-1148,Keystone,Red,10.99,5,6.1,0.32,0.25,1.8,0.086,5,32,0.99464,3.36,0.44,10.1,0.037557839
R-1149,Resaix Vineyards,Red,10.99,5,7.2,0.66,0.03,2.3,0.078,16,86,0.99743,3.53,0.57,9.7,0.037124899
R-1150,Goodnight Wines,Red,13.99,6,8.8,0.27,0.39,2,0.1,20,27,0.99546,3.15,0.69,11.2,0.0256
R-1151,Dramatic Increase,Red,14.99,5,10,0.58,0.22,1.9,0.08,9,32,0.9974,3.13,0.55,9.5,0.03317839
R-1152,Knowledgeable Sky,Red,26.99,7,4.9,0.42,0,2.1,0.048,16,42,0.99154,3.71,0.74,14,0.020525283
R-1153,Trealop,Red,18.99,6,8.2,0.51,0.24,2,0.079,16,86,0.99764,3.34,0.64,9.5,0.027593514
R-1154,La Almohada,Red,8.99,4,8.2,0.915,0.27,2.1,0.088,7,23,0.9962,3.26,0.47,10,0.0625
R-1155,El Despertador,Red,13.99,5,10.2,0.24,0.49,2.4,0.075,10,28,0.9978,3.14,0.61,10.4,0.038750078
R-1156,Superpower,Red,10.99,4,7.5,0.38,0.48,2.6,0.073,22,84,0.9972,3.32,0.7,9.6,0.076310247
R-1157,Accidental,Red,8.99,5,7.8,0.82,0.29,4.3,0.083,21,64,0.99642,3.16,0.53,9.4,0.045269353
R-1158,Obsolete Caption Vineyards,Red,22.99,7,7.9,0.34,0.36,1.9,0.065,5,10,0.99419,3.27,0.54,11.2,0.020822532
R-1159,Unequal Parts Vineyards,Red,9.99,5,6.7,0.75,0.12,2,0.086,12,80,0.9958,3.38,0.52,10.1,0.037412688
R-1160,Allspice,Red,16.99,6,11.4,0.36,0.69,2.1,0.09,6,21,1,3.17,0.62,9.2,0.028437448
R-1161,El Armario,Red,13.99,5,9.7,0.69,0.32,2.5,0.088,22,91,0.9979,3.29,0.62,10.1,0.037850687
R-1162,La Papelería,Red,16.99,6,8.3,0.42,0.38,2.5,0.094,24,60,0.9979,3.31,0.7,10.8,0.024337947
R-1163,Anyplace Winery,Red,9.99,5,7.3,0.73,0.24,1.9,0.108,18,102,0.9967,3.26,0.59,9.3,0.039367599
R-1164,Ahoy-Wut Winery,Red,10.99,5,8.4,0.65,0.6,2.1,0.112,12,90,0.9973,3.2,0.52,9.2,0.033421455
R-1165,Alerrawia,Red,9.99,5,8.1,0.56,0.28,1.7,0.368,16,56,0.9968,3.11,1.28,9.3,0.046248121
R-1166,Glomtom Winery,Red,17.99,6,8.4,0.39,0.1,1.7,0.075,6,25,0.99581,3.09,0.43,9.7,0.02480005
R-1167,Jukebox,Red,7.99,3,10.4,0.44,0.42,1.5,0.145,34,48,0.99832,3.38,0.86,9.9,0.121404897
R-1168,Cheerful Song Wine,Red,13.99,5,7.6,0.685,0.23,2.3,0.111,20,84,0.9964,3.21,0.61,9.3,0.040977561
R-1169,Novanoid Wines,Red,10.99,5,8.1,0.66,0.22,2.2,0.069,9,23,0.9968,3.3,1.2,10.3,0.033915665
R-1170,Rosy Robin Vintners,Red,14.99,6,9.3,0.38,0.48,3.8,0.132,3,11,0.99577,3.23,0.57,13.2,0.027230446
R-1171,Spooky Humor Vineyards,Red,9.99,5,9.5,0.885,0.27,2.3,0.084,31,145,0.9978,3.24,0.53,9.4,0.041649313
R-1172,Humbly Snobbish Vintners,Red,6.99,3,7.6,1.58,0,2.1,0.137,5,9,0.99476,3.5,0.4,10.9,0.093519999
R-1173,Jovaphile Vines,Red,12.99,5,8.7,0.69,0,3.2,0.084,13,33,0.9992,3.36,0.45,9.4,0.033057851
R-1174,Glorious Grape,Red,17.99,6,9.6,0.38,0.42,1.9,0.071,5,13,0.99659,3.15,0.75,10.5,0.027963893
R-1175,Supercharge,Red,11.99,5,7.7,0.69,0.22,1.9,0.084,18,94,0.9961,3.31,0.48,9.5,0.039211842
R-1176,Classy Cask Wine,Red,30.99,8,10.3,0.32,0.45,6.4,0.073,5,13,0.9976,3.23,0.82,12.6,0.015902069
R-1177,Uptight Vines,Red,19.99,7,12.8,0.615,0.66,5.8,0.083,7,42,1.0022,3.07,0.73,10,0.020408163
R-1178,Gigantic Gyroscope,Red,14.99,5,7.7,0.775,0.42,1.9,0.092,8,86,0.9959,3.23,0.59,9.5,0.039524286
R-1179,Faded Bubble,Red,14.99,5,10.7,0.43,0.39,2.2,0.106,8,32,0.9986,2.89,0.5,9.6,0.044508537
R-1180,Normal Stop Vintners,Red,13.99,6,8,0.725,0.24,2.8,0.083,10,62,0.99685,3.35,0.56,10,0.029220542
R-1181,Questionable Intent Vineyards,Red,13.99,5,8.7,0.78,0.51,1.7,0.415,12,66,0.99623,3,1.17,9.2,0.03317839
R-1182,Whitecap,Red,19.99,6,10.9,0.53,0.49,4.6,0.118,10,17,1.0002,3.07,0.56,11.7,0.02652548
R-1183,Probably Gorgeous,Red,8.99,5,6.9,0.63,0.02,1.9,0.078,18,30,0.99712,3.4,0.75,9.8,0.045462605
R-1184,Bumola Wines,Red,10.99,5,13.3,0.43,0.58,1.9,0.07,15,40,1.0004,3.06,0.49,9,0.04233772
R-1185,Habitual Snitch Wines,Red,10.99,4,6.9,1.09,0.06,2.1,0.061,12,31,0.9948,3.51,0.43,11.4,0.053832613
R-1186,Elegant Rhythm Vintners,Red,14.99,5,7.3,0.695,0,2.5,0.075,3,13,0.998,3.49,0.52,9.2,0.044696932
R-1187,Fat Sound,Red,24.99,7,7.9,0.3,0.68,8.3,0.05,37.5,278,0.99316,3.01,0.51,12.3,0.021499643
R-1188,Xanpon Vintners,Red,17.99,6,8.3,0.26,0.42,2,0.08,11,27,0.9974,3.21,0.8,9.4,0.031887755
R-1189,Pulappli Vines,Red,13.99,5,7.2,0.34,0.32,2.5,0.09,43,113,0.9966,3.32,0.79,11.1,0.046648536
R-1190,Psychotic Ghost Vintners,Red,19.99,6,7.4,0.785,0.19,5.2,0.094,19,98,0.99713,3.16,0.52,9.566666667,0.025518276
R-1191,Suspiciously Scarce,Red,10.99,5,9.4,0.34,0.37,2.2,0.075,5,13,0.998,3.22,0.62,9.2,0.036006323
R-1192,Swanky Cactus Vintners,Red,9.99,5,7.9,0.35,0.21,1.9,0.073,46,102,0.9964,3.27,0.58,9.5,0.04233772
R-1193,La Hermana,Red,26.99,7,11.1,0.42,0.47,2.65,0.085,9,34,0.99736,3.24,0.77,12.1,0.022013049
R-1194,Cuddly Scarecrow Vintners,Red,8.99,5,7.5,0.6,0.03,1.8,0.095,25,99,0.995,3.35,0.54,10.1,0.039367599
R-1195,Stronghold,Red,14.99,6,9.2,0.43,0.52,2.3,0.083,14,23,0.9976,3.35,0.61,11.3,0.023741634
R-1196,Silversmith Wine,Red,10.99,5,12.2,0.45,0.49,1.4,0.075,3,6,0.9969,3.13,0.63,10.4,0.035870064
R-1197,Merciful Judge,Red,15.99,6,6.5,0.51,0.15,3,0.064,12,27,0.9929,3.33,0.59,12.8,0.027140798
R-1198,Boardwalk Vintners,Red,24.99,7,7.2,0.36,0.46,2.1,0.074,24,44,0.99534,3.4,0.85,11,0.019130372
R-1199,Blueberry Wine,Red,17.99,6,8.8,0.48,0.41,3.3,0.092,26,52,0.9982,3.31,0.53,10.5,0.027870602
R-1200,Los Zapatos,Red,12.99,5,6.1,0.34,0.25,1.8,0.084,4,28,0.99464,3.36,0.44,10.1,0.043043336
R-1201,Glozzom,Red,19.99,7,7.7,0.915,0.12,2.2,0.143,7,23,0.9964,3.35,0.65,10.2,0.022956841
R-1202,Ethereal Teaching,Red,19.99,6,7.4,0.37,0.43,2.6,0.082,18,82,0.99708,3.33,0.68,9.7,0.025195263
R-1203,Roomy Cabin Vintners,Red,13.99,5,6.9,0.52,0.25,2.6,0.081,10,37,0.99685,3.46,0.5,11,0.037268377
R-1204,Siopp,Red,14.99,5,6.3,0.57,0.28,2.1,0.048,13,49,0.99374,3.41,0.6,12.8,0.043402778
R-1205,Unpossible Winery,Red,10.99,5,7.8,0.56,0.19,1.8,0.104,12,47,0.9964,3.19,0.93,9.5,0.042512488
R-1206,Cluttered Ducks Vines,Red,17.99,6,5.8,0.61,0.11,1.8,0.066,18,28,0.99483,3.55,0.66,10.9,0.028341779
R-1207,Yellow Eyes,Red,10.99,5,8.3,0.65,0.1,2.9,0.089,17,40,0.99803,3.29,0.55,9.5,0.047054173
R-1208,Acirassi Wines,Red,14.99,5,10.6,0.36,0.6,2.2,0.152,7,18,0.9986,3.04,1.06,9.4,0.041819832
R-1209,Graceful Motion Vines,Red,10.99,4,7.3,0.35,0.24,2,0.067,28,48,0.99576,3.43,0.54,10,0.05484591
R-1210,Butterfingers Vines,Red,16.99,6,6.7,0.62,0.21,1.9,0.079,8,62,0.997,3.52,0.58,9.3,0.026014568
R-1211,La Escalera,Red,14.99,6,7.3,0.67,0.02,2.2,0.072,31,92,0.99566,3.32,0.68,11.06666667,0.028151885
R-1212,Holistic Earth,Red,16.99,6,6.6,0.855,0.02,2.4,0.062,15,23,0.99627,3.54,0.6,11,0.029829287
R-1213,Defas Vines,Red,14.99,5,7.9,0.6,0.06,1.6,0.069,15,59,0.9964,3.3,0.46,9.4,0.037557839
R-1214,Rainwater,Red,14.99,5,9.5,0.86,0.26,1.9,0.079,13,28,0.99712,3.25,0.62,10,0.037268377
R-1215,Weary Traveller,Red,18.99,6,6,0.58,0.2,2.4,0.075,15,50,0.99467,3.58,0.67,12.5,0.028057653
R-1216,Headline Wines,Red,14.99,6,6.7,0.75,0.01,2.4,0.078,17,32,0.9955,3.55,0.61,12.8,0.024337947
R-1217,Adventurously Aloof Wines,Red,14.99,5,7.3,0.58,0.3,2.4,0.074,15,55,0.9968,3.46,0.59,10.2,0.03329959
R-1218,Sertave,Red,12.99,5,7.6,0.46,0.11,2.6,0.079,12,49,0.9968,3.21,0.57,10,0.042865287
R-1219,Ybuwyn Wines,Red,10.99,5,8.1,0.33,0.44,1.5,0.042,6,12,0.99542,3.35,0.61,10.7,0.033421455
R-1220,Three Brothers Vintners,Red,10.99,5,9.8,0.45,0.38,2.5,0.081,34,66,0.99726,3.15,0.58,9.8,0.037268377
R-1221,Chief Concern Wine,Red,14.99,6,7.9,0.31,0.32,1.9,0.066,14,36,0.99364,3.41,0.56,12.6,0.028630243
R-1222,Bocilile Wines,Red,13.99,6,5.9,0.55,0.1,2.2,0.062,39,51,0.99512,3.52,0.76,11.2,0.028246593
R-1223,Colorfully Pale,Red,10.99,5,8.6,0.37,0.65,6.4,0.08,3,8,0.99817,3.27,0.58,11,0.037412688
R-1224,Forecastle Vintners,Red,13.99,5,8.9,0.59,0.39,2.3,0.095,5,22,0.9986,3.37,0.58,10.3,0.037703836
R-1225,La Familia,Red,11.99,5,7.2,0.835,0,2,0.166,4,11,0.99608,3.39,0.52,10,0.048946668
R-1226,Valiantly Humdrum,Red,15.99,6,6.2,0.57,0.1,2.1,0.048,4,11,0.99448,3.44,0.76,10.8,0.02750207
R-1227,Heartbreaking Rose,Red,8.99,5,7,0.685,0,1.9,0.099,9,22,0.99606,3.34,0.6,9.7,0.036419789
R-1228,Pastoral Hill Vineyards,Red,12.99,5,6.7,0.64,0.23,2.1,0.08,11,119,0.99538,3.36,0.7,10.9,0.03317839
R-1229,Crowded Hut,Red,13.99,6,6.8,0.785,0,2.4,0.104,14,30,0.9966,3.52,0.55,10.7,0.030245747
R-1230,Jiofrax,Red,19.99,6,9.6,0.77,0.12,2.9,0.082,30,74,0.99865,3.3,0.64,10.4,0.032937968
R-1231,Commonplace Winery,Red,17.99,6,7.3,0.305,0.39,1.2,0.059,7,11,0.99331,3.29,0.52,11.5,0.023814967
R-1232,Wayward Vineyards,Red,14.99,5,7.7,0.41,0.76,1.8,0.611,8,45,0.9968,3.06,1.26,9.4,0.041143967
R-1233,Cloudy Bay Vintners,Red,5.99,3,7.3,0.98,0.05,2.1,0.061,20,49,0.99705,3.31,0.55,9.7,0.13819599
R-1234,Backspace Winery,Red,9.99,5,10.6,0.36,0.59,2.2,0.152,6,18,0.9986,3.04,1.05,9.4,0.040812162
R-1235,Sneaky Star Wine,Red,16.99,6,5.4,0.74,0.09,1.7,0.089,16,26,0.99402,3.67,0.56,11.6,0.0256
R-1236,Sunray,Red,10.99,5,15.5,0.645,0.49,4.2,0.095,10,23,1.00315,2.92,0.74,11.1,0.039840479
R-1237,Hoppler Winery,Red,15.99,6,11.4,0.26,0.44,3.6,0.071,6,19,0.9986,3.12,0.82,9.3,0.024644564
R-1238,Whole Trail Wines,Red,19.99,6,8.6,0.315,0.4,2.2,0.079,3,6,0.99512,3.27,0.67,11.9,0.029220542
R-1239,Pruvia Winery,Red,13.99,5,8.6,0.635,0.68,1.8,0.403,19,56,0.99632,3.02,1.15,9.3,0.034677791
R-1240,Anytime Vines,Red,14.99,5,6.8,0.77,0,1.8,0.066,34,52,0.9976,3.62,0.68,9.9,0.034548997
R-1241,Boxium Vines,Red,17.99,6,6.6,0.58,0,2.2,0.1,50,63,0.99544,3.59,0.68,11.4,0.03143705
R-1242,Electric Team Winery,Red,9.99,5,8.9,0.62,0.18,3.8,0.176,52,145,0.9986,3.16,0.88,9.2,0.041819832
R-1243,La Onda,Red,13.99,5,7.7,0.49,0.26,1.9,0.062,9,31,0.9966,3.39,0.64,9.6,0.046648536
R-1244,Free Thought Wines,Red,16.99,6,10.5,0.43,0.35,3.3,0.092,24,70,0.99798,3.21,0.69,10.5,0.028151885
R-1245,Assorted Errors Wine,Red,8.99,5,9,0.82,0.05,2.4,0.081,26,96,0.99814,3.36,0.53,10,0.047881484
R-1246,Miresa,Red,18.99,6,7.8,0.6,0.14,2.4,0.086,3,15,0.9975,3.42,0.6,10.8,0.024957012
R-1247,Tremendously Tested,Red,14.99,5,7.5,0.61,0.2,1.7,0.076,36,60,0.99494,3.1,0.4,9.3,0.046248121
R-1248,Bistup Wine,Red,9.99,5,9.3,0.43,0.44,1.9,0.085,9,22,0.99708,3.28,0.55,9.5,0.034040931
R-1249,Daffy Town Winery,Red,8.99,5,8.2,0.5,0.35,2.9,0.077,21,127,0.9976,3.23,0.62,9.4,0.039057008
R-1250,Drirathiel Vines,Red,11.99,5,11.7,0.49,0.49,2.2,0.083,5,15,1,3.19,0.43,9.2,0.037412688
R-1251,Carefree Vines,Red,19.99,6,7.7,0.26,0.26,2,0.052,19,77,0.9951,3.15,0.79,10.9,0.031325867
R-1252,Bizarre,Red,17.99,6,8,0.5,0.39,2.6,0.082,12,46,0.9985,3.43,0.62,10.7,0.024722123
R-1253,Eight Hands,Red,12.99,5,8,0.6,0.22,2.1,0.08,25,105,0.99613,3.3,0.49,9.9,0.033057851
R-1254,Frantic Machine Winery,Red,14.99,5,7.1,0.46,0.14,2.8,0.076,15,37,0.99624,3.36,0.49,10.7,0.033915665
R-1255,Ever Near,Red,14.99,5,6.7,0.7,0.08,3.75,0.067,8,16,0.99334,3.43,0.52,12.6,0.034807307
R-1256,Mellow Acoustics,Red,11.99,5,7.1,0.43,0.17,1.8,0.082,27,51,0.99634,3.49,0.64,10.4,0.035465898
R-1257,Vigorous,Red,14.99,5,8.8,0.6,0.29,2.2,0.098,5,15,0.9988,3.36,0.49,9.1,0.03442092
R-1258,Exclusive Feeling Winery,Red,14.99,6,10,0.46,0.44,2.9,0.065,4,8,0.99674,3.33,0.62,12.2,0.030140818
R-1259,Nekmit,Red,12.99,5,8.3,0.54,0.24,3.4,0.076,16,112,0.9976,3.27,0.61,9.4,0.035068524
R-1260,Premium Payment Winery,Red,17.99,6,10.4,0.41,0.55,3.2,0.076,22,54,0.9996,3.15,0.89,9.9,0.026874496
R-1261,El Venado,Red,11.99,5,6.4,0.57,0.02,1.8,0.067,4,11,0.997,3.46,0.68,9.5,0.035332693
R-1262,Pinwheel Vintners,Red,17.99,6,7.7,0.43,0.25,2.6,0.073,29,63,0.99615,3.37,0.58,10.5,0.028923134
R-1263,Biasdo Wines,Red,8.99,5,6.8,0.83,0.09,1.8,0.074,4,25,0.99534,3.38,0.45,9.6,0.036143359
R-1264,Berserk Beefeater,Red,11.99,5,8.3,0.78,0.1,2.6,0.081,45,87,0.9983,3.48,0.53,10,0.043402778
R-1265,Descriptive Limit Vines,Red,8.99,5,8.4,1.035,0.15,6,0.073,11,54,0.999,3.37,0.49,9.9,0.034166892
R-1266,Tribop Wine,Red,12.99,5,7.1,0.34,0.28,2,0.082,31,68,0.99694,3.45,0.48,9.4,0.034807307
R-1267,Grandmaster Vintners,Red,9.99,5,9.9,0.54,0.45,2.3,0.071,16,40,0.9991,3.39,0.62,9.4,0.037850687
R-1268,Aspiring Exchange,Red,14.99,5,7.8,0.87,0.26,3.8,0.107,31,67,0.99668,3.26,0.46,9.2,0.036419789
R-1269,Sorson Winery,Red,14.99,6,10.8,0.4,0.41,2.2,0.084,7,17,0.9984,3.08,0.67,9.3,0.024111724
R-1270,La Tortuga,Red,15.99,6,9.6,0.77,0.12,2.9,0.082,30,74,0.99865,3.3,0.64,10.4,0.031325867
R-1271,Festive Tendency,Red,17.99,6,7.5,0.38,0.57,2.3,0.106,5,12,0.99605,3.36,0.55,11.4,0.026439289
R-1272,Daily Run Winery,Red,8.99,5,7.7,0.835,0,2.6,0.081,6,14,0.9975,3.3,0.52,9.3,0.03317839
R-1273,Hysterical Cleric Wine,Red,8.99,5,5.6,0.5,0.09,2.3,0.049,17,99,0.9937,3.63,0.63,13,0.042865287
R-1274,Daisywheel,Red,14.99,5,7.3,0.59,0.26,2,0.08,17,104,0.99584,3.28,0.52,9.9,0.044508537
R-1275,Responsible Bucket Wine,Red,11.99,5,11.6,0.42,0.53,3.3,0.105,33,98,1.001,3.2,0.95,9.2,0.036419789
R-1276,Relatively Educated Wines,Red,9.99,5,9.9,0.35,0.41,2.3,0.083,11,61,0.9982,3.21,0.5,9.5,0.047258979
R-1277,Telltale Winery,Red,14.99,6,7.7,0.715,0.01,2.1,0.064,31,43,0.99371,3.41,0.57,11.8,0.025436943
R-1278,La Banca,Red,13.99,6,9.8,0.25,0.49,2.7,0.088,15,33,0.9982,3.42,0.9,10,0.029021763
R-1279,Brainy Bairn Vines,Red,16.99,6,7.2,0.38,0.3,1.8,0.073,31,70,0.99685,3.42,0.59,9.5,0.025518276
R-1280,Lotadilo Vineyards,Red,13.99,6,7.9,0.51,0.25,2.9,0.077,21,45,0.9974,3.49,0.96,12.1,0.026786599
R-1281,Untidy Coiffure Vines,Red,10.99,5,8.3,0.65,0.1,2.9,0.089,17,40,0.99803,3.29,0.55,9.5,0.038446751
R-1282,Breezy Boquet Wine,Red,15.99,6,8.2,0.24,0.34,5.1,0.062,8,22,0.9974,3.22,0.94,10.9,0.024644564
R-1283,Sloppy Joe Wines,Red,13.99,5,5.2,0.32,0.25,1.8,0.103,13,50,0.9957,3.38,0.55,9.2,0.04585284
R-1284,Even Keeled,Red,16.99,6,9.1,0.6,0,1.9,0.058,5,10,0.9977,3.18,0.63,10.4,0.024490536
R-1285,Beneficial Point,Red,14.99,5,11.2,0.4,0.5,2,0.099,19,50,0.99783,3.1,0.58,10.4,0.036559195
R-1286,Fortunate Thread,Red,15.99,6,6.6,0.895,0.04,2.3,0.068,7,13,0.99582,3.53,0.58,10.8,0.025115468
R-1287,Marked Page Wine,Red,16.99,6,6.3,0.51,0.13,2.3,0.076,29,40,0.99574,3.42,0.75,11,0.031105263
R-1288,Disillusioned Inventor,Red,17.99,6,13,0.47,0.49,4.3,0.085,6,47,1.0021,3.3,0.68,12.7,0.030563842
R-1289,Shipstern Wines,Red,7.99,4,8.3,0.625,0.2,1.5,0.08,27,119,0.9972,3.16,1.12,9.1,0.055363322
R-1290,Delightful Wall Wines,Red,11.99,5,7.3,0.67,0.26,1.8,0.401,16,51,0.9969,3.16,1.14,9.4,0.036143359
R-1291,Backslide Winery,Red,17.99,6,11.6,0.475,0.4,1.4,0.091,6,28,0.99704,3.07,0.65,10.03333333,0.031887755
R-1292,Verdant View Winery,Red,19.99,6,13,0.47,0.49,4.3,0.085,6,47,1.0021,3.3,0.68,12.7,0.029624275
R-1293,Useless Boot Vines,Red,14.99,5,7.4,0.64,0.07,1.8,0.1,8,23,0.9961,3.3,0.58,9.6,0.041143967
R-1294,Flowery Bells Vintners,Red,14.99,6,9.7,0.31,0.47,1.6,0.062,13,33,0.9983,3.27,0.66,10,0.032116751
R-1295,Victorious Hand,Red,8.99,5,7,0.735,0.05,2,0.081,13,54,0.9966,3.39,0.57,9.8,0.043950441
R-1296,Winooze,Red,13.99,6,7.5,0.52,0.4,2.2,0.06,12,20,0.99474,3.26,0.64,11.8,0.029932592
R-1297,Highfalutin Vintners,Red,15.99,6,6.9,0.41,0.31,2,0.079,21,51,0.99668,3.47,0.55,9.5,0.032937968
R-1298,Mizuxe Vines,Red,15.99,6,6,0.51,0,2.1,0.064,40,54,0.995,3.54,0.93,10.7,0.024957012
R-1299,Delicate,Red,17.99,6,7.8,0.52,0.25,1.9,0.081,14,38,0.9984,3.43,0.65,9,0.030351224
R-1300,Starfish,Red,23.99,7,7.1,0.59,0,2.1,0.091,9,14,0.99488,3.42,0.55,11.5,0.019781572
R-1301,Digikiki Vineyards,Red,15.99,6,7.7,0.57,0.21,1.5,0.069,4,9,0.99458,3.16,0.54,9.8,0.032116751
R-1302,Hawkloon Vintners,Red,13.99,6,8.4,0.62,0.12,1.8,0.072,38,46,0.99504,3.38,0.89,11.8,0.026962826
R-1303,Forecast Vineyards,Red,18.99,6,7.6,0.5,0.29,2.3,0.086,5,14,0.99502,3.32,0.62,11.5,0.028825006
R-1304,Sunup Winery,Red,23.99,7,7.9,0.3,0.68,8.3,0.05,37.5,289,0.99316,3.01,0.51,12.3,0.022887433
R-1305,La Remolacha,Red,11.99,5,7.1,0.69,0.04,2.1,0.068,19,27,0.99712,3.44,0.67,9.8,0.043222496
R-1306,Illustrious Wine,Red,14.99,5,6.2,0.46,0.17,1.6,0.073,7,11,0.99425,3.61,0.54,11.4,0.03442092
R-1307,Painstaking Effort Wine,Red,9.99,5,8.2,0.43,0.29,1.6,0.081,27,45,0.99603,3.25,0.54,10.3,0.035332693
R-1308,Burder Winery,Red,7.99,4,8.8,0.955,0.05,1.8,0.075,5,19,0.99616,3.3,0.44,9.6,0.080707645
R-1309,El Bisonte,Red,26.99,7,5.1,0.51,0.18,2.1,0.042,16,101,0.9924,3.46,0.87,12.9,0.018868494
R-1310,Ragged Queen,Red,17.99,6,9.3,0.49,0.36,1.7,0.081,3,14,0.99702,3.27,0.78,10.9,0.024878345
R-1311,El Árbol,Red,24.99,7,9.3,0.37,0.44,1.6,0.038,21,42,0.99526,3.24,0.81,10.8,0.022276676
R-1312,Loud Alarm Winery,Red,13.99,6,8.2,0.34,0.37,1.9,0.057,43,74,0.99408,3.23,0.81,12,0.029624275
R-1313,Turnkey Vineyards,Red,10.99,5,10.8,0.45,0.33,2.5,0.099,20,38,0.99818,3.24,0.71,10.8,0.046248121
R-1314,Butterscotch Wine,Red,12.99,5,6.8,0.61,0.2,1.8,0.077,11,65,0.9971,3.54,0.58,9.3,0.04
R-1315,Chevesic Wine,Red,14.99,5,8.5,0.44,0.5,1.9,0.369,15,38,0.99634,3.01,1.1,9.4,0.043222496
R-1316,Broken Wrist Wines,Red,8.99,5,6.1,0.32,0.25,2.3,0.071,23,58,0.99633,3.42,0.97,10.6,0.034293553
R-1317,Parede Wines,Red,19.99,6,8.9,0.43,0.45,1.9,0.052,6,16,0.9948,3.35,0.7,12.5,0.028533601
R-1318,Fair Judge,Red,14.99,6,7.2,0.39,0.44,2.6,0.066,22,48,0.99494,3.3,0.84,11.5,0.032464897
R-1319,Warm Year Winery,Red,10.99,5,7.6,0.95,0.03,2,0.09,7,20,0.9959,3.2,0.56,9.6,0.03317839
R-1320,Better Butter Wine,Red,13.99,5,6.7,0.675,0.07,2.4,0.089,17,82,0.9958,3.35,0.54,10.1,0.039840479
R-1321,Rapid Impulse Wine,Red,13.99,5,7,0.49,0.49,5.6,0.06,26,121,0.9974,3.34,0.76,10.5,0.0419914
R-1322,Makeshift Thing Wine,Red,9.99,5,12.7,0.6,0.49,2.8,0.075,5,19,0.9994,3.14,0.57,11.4,0.041143967
R-1323,Noxu Wine,Red,15.99,6,6.8,0.81,0.05,2,0.07,6,14,0.99562,3.51,0.66,10.8,0.027411078
R-1324,Waratel Vines,Red,18.99,6,9.4,0.5,0.34,3.6,0.082,5,14,0.9987,3.29,0.52,10.7,0.027593514
R-1325,Forethought Vines,Red,23.99,7,15,0.21,0.44,2.2,0.075,10,24,1.00005,3.07,0.84,9.2,0.022477517
R-1326,Complex Authority,Red,19.99,6,11.9,0.39,0.69,2.8,0.095,17,35,0.9994,3.1,0.61,10.8,0.025115468
R-1327,Feigned Ignorance Vineyards,Red,18.99,6,11.6,0.23,0.57,1.8,0.074,3,8,0.9981,3.14,0.7,9.9,0.032348222
R-1328,Upstate Wine,Red,16.99,6,6.8,0.62,0.08,1.9,0.068,28,38,0.99651,3.42,0.82,9.5,0.030457255
R-1329,Ambiguous Remark Wine,Red,18.99,7,9.8,0.66,0.39,3.2,0.083,21,59,0.9989,3.37,0.71,11.5,0.022144274
R-1330,Vivacious,Red,14.99,6,8.3,0.49,0.36,1.8,0.222,6,16,0.998,3.18,0.6,9.5,0.028437448
R-1331,Takeoff Vines,Red,19.99,6,8.4,0.52,0.22,2.7,0.084,4,18,0.99682,3.26,0.57,9.9,0.024111724
R-1332,Tedious Turtle Wine,Red,15.99,6,6.4,0.56,0.15,1.8,0.078,17,65,0.99294,3.33,0.6,10.5,0.0316612
R-1333,Today Wine,Red,11.99,5,9.4,0.615,0.28,3.2,0.087,18,72,1.0001,3.31,0.53,9.7,0.035200237
R-1334,Knowing Representative Wine,Red,14.99,6,7.5,0.71,0,1.6,0.092,22,31,0.99635,3.38,0.58,10,0.032116751
R-1335,Watermelon Winery,Red,10.99,5,7.6,0.49,0.33,1.9,0.074,27,85,0.99706,3.41,0.58,9,0.03329959
R-1336,Taskmaster,Red,34.99,8,7.8,0.57,0.09,2.3,0.065,34,45,0.99417,3.46,0.74,12.7,0.014240065
R-1337,Bronea Vintners,Red,17.99,6,12.6,0.38,0.66,2.6,0.088,10,41,1.001,3.17,0.68,9.8,0.02480005
R-1338,Tabletop Wine,Red,17.99,6,6.4,0.79,0.04,2.2,0.061,11,17,0.99588,3.53,0.65,10.4,0.024111724
R-1339,Tasty Jam,Red,21.99,7,10,0.41,0.45,6.2,0.071,6,14,0.99702,3.21,0.49,11.8,0.021126284
R-1340,Raincheck,Red,27.99,8,7.2,0.38,0.31,2,0.056,15,29,0.99472,3.23,0.76,11.3,0.0148721
R-1341,Familiar Stock Vineyards,Red,14.99,6,9.3,0.36,0.39,1.5,0.08,41,55,0.99652,3.47,0.73,10.9,0.03143705
R-1342,Bookcase Vintners,Red,8.99,5,7,0.5,0.25,2,0.07,3,22,0.9963,3.25,0.63,9.2,0.04507733
R-1343,El Dulce,Red,13.99,5,6.2,0.56,0.09,1.7,0.053,24,32,0.99402,3.54,0.6,11.3,0.037124899
R-1344,Overwrought Expert,Red,17.99,6,6.5,0.4,0.1,2,0.076,30,47,0.99554,3.36,0.48,9.4,0.026699133
R-1345,Acoustic Nation Vines,Red,14.99,5,8.3,0.85,0.14,2.5,0.093,13,54,0.99724,3.36,0.54,10.1,0.048516369
R-1346,Ambitious Plot Vintners,Red,21.99,7,8.6,0.22,0.36,1.9,0.064,53,77,0.99604,3.47,0.87,11,0.019893332
R-1347,Adjoining Ocean Wines,Red,19.99,6,7.9,0.34,0.42,2,0.086,8,19,0.99546,3.35,0.6,11.4,0.031774175
R-1348,Wavelength Winery,Red,10.99,5,7,0.59,0,1.7,0.052,3,8,0.996,3.41,0.47,10.3,0.04032193
R-1349,Whispering Wind Vines,Red,21.99,7,7.2,0.37,0.32,2,0.062,15,28,0.9947,3.23,0.73,11.3,0.01831096
R-1350,Werradith,Red,18.99,7,10.1,0.37,0.34,2.4,0.085,5,17,0.99683,3.17,0.65,10.6,0.020762568
R-1351,Seiliu Vineyards,Red,8.99,5,6.6,0.61,0.01,1.9,0.08,8,25,0.99746,3.69,0.73,10.5,0.037124899
R-1352,Westwest Wines,Red,17.99,6,6.5,0.39,0.23,8.3,0.051,28,91,0.9952,3.44,0.55,12.1,0.025847541
R-1353,Vague Notion Vineyards,Red,12.99,5,9.6,0.68,0.24,2.2,0.087,5,28,0.9988,3.14,0.6,10.2,0.034937549
R-1354,Fishtail Vineyards,Red,19.99,7,7.3,0.55,0.01,1.8,0.093,9,15,0.99514,3.35,0.58,11,0.022477517
R-1355,Probable Outcome Vineyards,Red,14.99,5,6.9,0.4,0.24,2.5,0.083,30,45,0.9959,3.26,0.58,10,0.048730806
R-1356,Ekcle,Red,8.99,5,6.8,0.66,0.07,1.6,0.07,16,61,0.99572,3.29,0.6,9.3,0.036006323
R-1357,Bluebird Vines,Red,14.99,5,6.6,0.695,0,2.1,0.075,12,56,0.9968,3.49,0.67,9.2,0.043222496
R-1358,Spacewalk Winery,Red,25.99,7,11.1,0.31,0.53,2.2,0.06,3,10,0.99572,3.02,0.83,10.9,0.023166971
R-1359,Chacaka Winery,Red,13.99,5,9.3,0.655,0.26,2,0.096,5,35,0.99738,3.25,0.42,9.6,0.047672623
R-1360,Tupacase,Red,19.99,7,10.4,0.44,0.73,6.55,0.074,38,76,0.999,3.17,0.85,12,0.023308665
R-1361,Creahoof,Red,7.99,4,7.5,1.115,0.1,3.1,0.086,5,12,0.9958,3.54,0.6,11.2,0.058912244
R-1362,Curiously Earthy,Red,11.99,5,7,0.78,0.08,2,0.093,10,19,0.9956,3.4,0.47,10,0.043402778
R-1363,Bootstrap Wines,Red,13.99,5,10,0.43,0.33,2.7,0.095,28,89,0.9984,3.22,0.68,10,0.046248121
R-1364,Vacso,Red,16.99,6,6.2,0.36,0.24,2.2,0.095,19,42,0.9946,3.57,0.57,11.7,0.030351224
R-1365,Somewhat Elated Vintners,Red,13.99,5,10.8,0.89,0.3,2.6,0.132,7,60,0.99786,2.99,1.18,10.2,0.042865287
R-1366,Abounding Trade Vineyards,Red,19.99,6,7.2,0.34,0.21,2.5,0.075,41,68,0.99586,3.37,0.54,10.1,0.030457255
R-1367,Dizoolexa,Red,8.99,5,6.9,0.52,0.25,2.6,0.081,10,37,0.99685,3.46,0.5,11,0.04032193
R-1368,Jovially Overt,Red,14.99,6,11.5,0.18,0.51,4,0.104,4,23,0.9996,3.28,0.97,10.1,0.023962657
R-1369,Truculent Moon,Red,19.99,6,9.4,0.5,0.34,3.6,0.082,5,14,0.9987,3.29,0.52,10.7,0.030563842
R-1370,Upstage Vineyards,Red,12.99,5,7.8,0.5,0.09,2.2,0.115,10,42,0.9971,3.18,0.62,9.5,0.04507733
W-1111,Standing Zebra Winery,White,20.99,7,5.9,0.34,0.31,2,0.03,38,142,0.98892,3.4,0.41,12.9,0.023451663
W-1112,Possible Investment Winery,White,8.99,5,6.4,0.16,0.32,8.75,0.038,38,118,0.99449,3.19,0.41,10.7,0.04
W-1113,Disagreeable Vicar Winery,White,19.99,7,7.4,0.2,0.35,2.1,0.038,30,116,0.9949,3.49,0.77,10.3,0.020119712
W-1114,Nalpure Wine,White,18.99,6,6.8,0.16,0.36,1.3,0.034,32,98,0.99058,3.02,0.58,11.3,0.023888641
W-1115,Unoseth Wines,White,14.99,5,5.8,0.27,0.2,14.95,0.044,22,179,0.9962,3.37,0.37,10.2,0.038597967
W-1116,Peachflame Winery,White,18.99,6,6.3,0.36,0.5,8.3,0.053,51,202,0.9955,3.2,0.51,9.6,0.02618322
W-1117,Strong Snail Vintners,White,18.99,6,6.8,0.26,0.26,2,0.019,23.5,72,0.99041,3.16,0.47,11.8,0.028923134
W-1118,Modern Noggin,White,8.99,4,7.6,0.48,0.37,0.8,0.037,4,100,0.9902,3.03,0.39,11.4,0.055624778
W-1119,Hospitable Rock,White,20.99,7,6.5,0.24,0.36,2.2,0.027,36,134,0.9898,3.28,0.36,12.5,0.022343323
W-1120,Sidekick,White,19.99,6,8.2,0.24,0.49,9.3,0.038,52,163,0.9952,3.02,0.33,10.6,0.027685416
W-1121,Spiteful Sprite,White,25.99,7,7.2,0.17,0.37,6.9,0.059,47,128,0.99322,3.08,0.46,11,0.021311737
W-1122,Underground,White,16.99,6,7.1,0.31,0.38,1.2,0.036,10,124,0.9924,3.14,0.44,9.9,0.025518276
W-1123,Typical Vintners,White,20.99,7,6.8,0.17,0.35,1.8,0.04,29,84,0.98961,2.91,0.57,12,0.018410476
W-1124,Panoramic View Wines,White,17.99,6,5.7,0.21,0.32,0.9,0.038,38,121,0.99074,3.24,0.46,10.6,0.029522561
W-1125,Yammoe,White,18.99,7,6,0.17,0.33,6,0.036,30,111,0.99362,3.32,0.58,10.13333333,0.019949567
W-1126,Viottis,White,13.99,5,6.7,0.26,0.49,8.1,0.052,48,197,0.99558,3.19,0.48,9.5,0.038903089
W-1127,Headlight,White,14.99,6,7.8,0.3,0.74,1.8,0.033,33,156,0.991,3.29,0.52,12.8,0.02618322
W-1128,Dohi Vineyards,White,11.99,5,7.6,0.36,0.48,13.5,0.038,44,116,0.9982,3.04,0.48,9.2,0.041143967
W-1129,Blackboard,White,18.99,6,5.8,0.15,0.31,5.9,0.036,7,73,0.99152,3.2,0.43,11.9,0.02942137
W-1130,Foxclore,White,20.99,7,6.4,0.105,0.29,1.1,0.035,44,140,0.99142,3.17,0.55,10.7,0.019837334
W-1131,Incandescent Chess Wines,White,14.99,5,7.7,0.25,0.3,7.8,0.038,67,196,0.99555,3.1,0.5,10.1,0.036982249
W-1132,Unusual Cabbage Wines,White,14.99,5,7.1,0.23,0.28,1.9,0.046,33,103,0.98997,3.12,0.31,12,0.035465898
W-1133,Fine Grain,White,14.99,6,7.5,0.38,0.5,12.8,0.042,57,184,0.9984,3.09,0.46,9,0.02576463
W-1134,Detailed Decision Wine,White,14.99,5,6.8,0.57,0.29,2.2,0.04,15,77,0.9938,3.32,0.74,10.2,0.034548997
W-1135,Plucky Parrot Wine,White,19.99,6,6.5,0.19,0.3,0.8,0.043,33,144,0.9936,3.42,0.39,9.1,0.030351224
W-1136,Barbarous Bandits Wines,White,26.99,7,8.2,0.18,0.49,1.1,0.033,28,81,0.9923,3,0.68,10.4,0.019451885
W-1137,Surogou,White,24.99,7,6.2,0.16,0.34,1.7,0.038,85,153,0.9909,3.33,0.86,12,0.023523655
W-1138,Juvenile,White,14.99,5,6.4,0.475,0.06,1,0.03,9,131,0.9904,2.97,0.29,10.8,0.034937549
W-1139,Selective Sect Vintners,White,10.99,5,5.7,0.26,0.24,17.8,0.059,23,124,0.99773,3.3,0.5,10.1,0.035068524
W-1140,Aboveboard,White,15.99,6,7.2,0.31,0.41,8.6,0.053,15,89,0.9976,3.29,0.64,9.9,0.031887755
W-1141,Enormous Book,White,17.99,6,7.5,0.29,0.67,8.1,0.037,53,166,0.9966,2.9,0.41,8.9,0.031774175
W-1142,Puzzling Mist,White,14.99,6,7.3,0.27,0.3,1.3,0.04,26,84,0.99222,3.28,0.53,10.7,0.028923134
W-1143,Mainland,White,12.99,5,6.1,0.33,0.32,7.8,0.052,52,183,0.99657,3.39,0.65,9.5,0.035734578
W-1144,Magenta Guitar,White,11.99,5,7.6,0.37,0.51,11.7,0.094,58,181,0.99776,2.91,0.51,9,0.045269353
W-1145,Plakill,White,16.99,6,5.7,0.21,0.24,2.3,0.047,60,189,0.995,3.65,0.72,10.1,0.024262187
W-1146,Grateful Ned,White,16.99,6,5.8,0.18,0.28,1.3,0.034,9,94,0.99092,3.21,0.52,11.2,0.026874496
W-1147,Irate Grandmother Winery,White,13.99,5,6.9,0.24,0.4,15.4,0.052,81,198,0.9986,3.2,0.69,9.4,0.038446751
W-1148,Erratic Fish Vines,White,14.99,6,5.6,0.33,0.28,1.2,0.031,33,97,0.99126,3.49,0.58,10.9,0.030036434
W-1149,Looncan Wines,White,17.99,6,7.3,0.26,0.31,1.6,0.04,39,173,0.9918,3.19,0.51,11.4,0.026612094
W-1150,Abundant Angle,White,12.99,5,6.8,0.26,0.22,7.7,0.047,57,210,0.9959,3.1,0.47,9,0.046049844
W-1151,Devilish Crook,White,14.99,6,7.5,0.26,0.38,5.7,0.021,23,125,0.99338,3.13,0.62,11.1,0.028437448
W-1152,Safome,White,26.99,7,6.5,0.18,0.31,1.7,0.044,30,127,0.9928,3.49,0.5,10.2,0.022144274
W-1153,Animated Anthill Wine,White,12.99,5,7.9,0.2,0.39,1,0.041,37,154,0.99093,3.08,0.43,11.9,0.034293553
W-1154,Oval Gem,White,37.99,8,5.5,0.34,0.26,2.2,0.021,31,119,0.98919,3.55,0.49,13,0.014515895
W-1155,Oleald,White,23.99,7,6.8,0.18,0.28,9.8,0.039,29,113,0.99406,3.11,0.45,10.9,0.023237656
W-1156,Kizerain Vines,White,17.99,6,7.7,0.46,0.18,3.3,0.054,18,143,0.99392,3.12,0.51,10.8,0.023741634
W-1157,Gearshift Vintners,White,22.99,7,6.9,0.23,0.38,8.3,0.047,47,162,0.9954,3.34,0.52,10.5,0.017872973
W-1158,Clean Linen Vineyards,White,13.99,5,6.1,0.27,0.43,7.5,0.049,65,243,0.9957,3.12,0.47,9,0.03968191
W-1159,Backdrop Vines,White,13.99,5,7.3,0.3,0.74,13.5,0.039,46,165,0.9982,3.02,0.4,8.7,0.038146973
W-1160,Sooprno,White,12.99,5,6.2,0.25,0.44,15.8,0.057,39,167,0.99804,3.14,0.51,9.2,0.042865287
W-1161,Sundial Wine,White,13.99,6,8,0.22,0.32,10.4,0.043,63,201,0.997,3.11,0.53,9.5,0.027963893
W-1162,Well-To-Do Vineyards,White,8.99,5,6.6,0.24,0.28,1.8,0.028,39,132,0.99182,3.34,0.46,11.4,0.037998396
W-1163,Strange Bag Wine,White,14.99,5,7.4,0.22,0.33,2,0.045,31,101,0.9931,3.42,0.55,11.4,0.035200237
W-1164,Youthful Wine,White,12.99,5,7.8,0.25,0.34,13.7,0.044,66,184,0.99976,3.22,0.75,8.9,0.036419789
W-1165,Courtyard Vintners,White,17.99,6,6.2,0.18,0.3,1,0.031,23,73,0.99032,3.23,0.52,11.3,0.027685416
W-1166,Abstracted Sand Vineyards,White,20.99,7,6.6,0.2,0.32,1.1,0.039,25,78,0.9926,3.39,0.54,10.2,0.022818339
W-1167,Adorable Class,White,25.99,7,6.6,0.22,0.37,1.2,0.059,45,199,0.993,3.37,0.55,10.3,0.020408163
W-1168,Able Brake,White,17.99,6,6.6,0.24,0.33,10.1,0.032,8,81,0.99626,3.19,0.51,9.8,0.025930853
W-1169,Buttercup,White,16.99,6,6.9,0.19,0.35,13.5,0.038,49,118,0.99546,3,0.63,10.7,0.026612094
W-1170,Voquev Vines,White,19.99,6,6.3,0.27,0.25,5.8,0.038,52,155,0.995,3.28,0.38,9.4,0.024037017
W-1171,Macho,White,16.99,6,5.7,0.21,0.37,4.5,0.04,58,140,0.99332,3.29,0.62,10.6,0.031215273
W-1172,Mizule Winery,White,17.99,6,7.1,0.44,0.62,11.8,0.044,52,152,0.9975,3.12,0.46,8.7,0.024337947
W-1173,Ociramma Vines,White,11.99,5,6.8,0.36,0.32,1.6,0.039,10,124,0.9948,3.3,0.67,9.6,0.033421455
W-1174,Impartial Rate Winery,White,14.99,6,5.8,0.24,0.26,10.05,0.039,63,162,0.99375,3.33,0.5,11.2,0.029829287
W-1175,Murky Interpretation Vineyards,White,28.99,8,5.5,0.15,0.32,14,0.031,16,99,0.99437,3.26,0.38,11.5,0.01420614
W-1176,Uptight,White,19.99,6,5.7,0.22,0.22,16.65,0.044,39,110,0.99855,3.24,0.48,9,0.028057653
W-1177,Ill-Fated,White,17.99,6,7.1,0.29,0.49,1.2,0.031,32,99,0.9893,3.07,0.33,12.2,0.029522561
W-1178,Pepelexa Vintners,White,12.99,5,8.2,0.21,0.48,1.4,0.041,11,99,0.9958,3.17,0.57,9.9,0.03442092
W-1179,Aferraron,White,25.99,7,7.8,0.21,0.49,1.2,0.036,20,99,0.99,3.05,0.28,12.1,0.019130372
W-1180,Animepolis Vineyards,White,18.99,6,7.1,0.39,0.79,1.4,0.194,23,90,0.99212,3.17,0.46,10.5,0.030670989
W-1181,Harsh Cause Wines,White,11.99,5,6.5,0.26,0.43,8.9,0.083,50,171,0.9965,2.85,0.5,9,0.036419789
W-1182,Historical Test,White,20.99,7,5.9,0.12,0.28,1.4,0.037,36,83,0.99074,3.33,0.42,10.9,0.022276676
W-1183,Thunderstorm Vintners,White,10.99,5,8.3,0.41,0.51,2,0.046,11,207,0.993,3.02,0.55,11.4,0.033421455
W-1184,Feandra,White,13.99,6,6.6,0.22,0.36,5.5,0.029,30,105,0.99206,3.2,0.47,11.8,0.024878345
W-1185,Heavenly Honey Wine,White,19.99,6,7.1,0.18,0.74,15.6,0.044,44,176,0.9996,3.38,0.67,9,0.028246593
W-1186,Upstanding,White,13.99,6,7.1,0.26,0.29,12.4,0.044,62,240,0.9969,3.04,0.42,9.2,0.03143705
W-1187,Alike Structure Wines,White,19.99,6,8.1,0.27,0.33,1.3,0.045,26,100,0.99066,2.98,0.44,12.4,0.024567369
W-1188,Toximble Winery,White,9.99,5,8,0.18,0.49,1.8,0.061,10,145,0.9942,3.23,0.48,10,0.04233772
W-1189,Terrific Increase,White,13.99,6,7,0.32,0.35,1.5,0.039,24,125,0.9918,3.17,0.64,12.2,0.032700149
W-1190,Qerrassa,White,17.99,6,8.4,0.58,0.27,12.15,0.033,37,116,0.9959,2.99,0.39,10.8,0.024037017
W-1191,Likeable Measure Wine,White,18.99,6,7.2,0.28,0.26,12.5,0.046,48,179,0.9975,3.1,0.52,9,0.030140818
W-1192,Almost Rampant,White,19.99,6,6.6,0.33,0.41,2,0.027,14,79,0.99063,3.27,0.63,12.4,0.031548827
W-1193,Blueprint Wines,White,14.99,6,7.1,0.23,0.39,13.7,0.058,26,172,0.99755,2.9,0.46,9,0.0256
W-1194,Sislaf,White,20.99,7,7.3,0.26,0.33,17.85,0.049,41.5,195,1,3.06,0.44,9.1,0.020643414
W-1195,Fuzzy Waves,White,25.99,7,5.6,0.235,0.29,1.2,0.047,33,127,0.991,3.34,0.5,11,0.022276676
W-1196,Tangy Silk,White,12.99,5,6.3,0.39,0.22,2.8,0.048,53,173,0.99304,3.24,0.45,9.8,0.042164026
W-1197,Claster,White,10.99,5,6.4,0.3,0.38,7.8,0.046,35,192,0.9955,3.1,0.37,9,0.043950441
W-1198,Uppercase Vines,White,18.99,7,7,0.35,0.3,6.5,0.028,27,87,0.9936,3.4,0.42,11.4,0.018163193
W-1199,Regular Sort Wines,White,16.99,6,6.2,0.355,0.35,2,0.046,31,95,0.98822,3.06,0.46,13.6,0.024490536
W-1200,Forgetful Elephant,White,12.99,5,8.4,0.4,0.7,13.1,0.042,29,197,0.998,3.06,0.64,9.7,0.047465125
W-1201,Aloidia,White,19.99,6,7.1,0.29,0.28,9.3,0.048,50,141,0.9949,3.13,0.49,10.3,0.032818736
W-1202,Chilly Weather Vines,White,15.99,6,5.8,0.15,0.32,1.2,0.037,14,119,0.99137,3.19,0.5,10.2,0.024490536
W-1203,Jazzy Jive,White,14.99,6,7.6,0.445,0.44,14.5,0.045,68,212,0.9986,3.48,0.36,10,0.03143705
W-1204,Weepeggle,White,13.99,6,7,0.19,0.33,6.3,0.032,42,127,0.99182,3.31,0.38,12.2,0.028341779
W-1205,Silly Question Vines,White,18.99,6,6.4,0.69,0.09,7.6,0.044,34,144,0.9948,3.26,0.38,10.1,0.025195263
W-1206,Oafish Ogre Vineyards,White,22.99,7,7.4,0.16,0.33,1.2,0.042,47,121,0.99198,3.04,0.68,10.5,0.021626298
W-1207,Dashing Taste Vineyards,White,14.99,6,6.3,0.24,0.74,1.4,0.172,24,108,0.9932,3.27,0.39,9.9,0.024414063
W-1208,Aberidus,White,15.99,6,6,0.27,0.4,1.7,0.021,18,82,0.9891,3.24,0.95,13.13333333,0.028825006
W-1209,Voov,White,19.99,7,5.8,0.23,0.31,3.5,0.044,35,158,0.98998,3.19,0.37,12.1,0.023237656
W-1210,Joyfully Lamentable Wine,White,26.99,7,7,0.3,0.51,13.6,0.05,40,168,0.9976,3.07,0.52,9.6,0.023096608
W-1211,Talented Tortoise,White,22.99,7,6.3,0.27,0.38,0.9,0.051,7,140,0.9926,3.45,0.5,10.5,0.018972596
W-1212,Bioyino,White,14.99,6,6.9,0.24,0.36,20.8,0.031,40,139,0.9975,3.2,0.33,11,0.032232175
W-1213,Freezing Pan,White,14.99,5,7.2,0.46,0.65,10.4,0.05,76,192,0.9976,3.16,0.42,8.7,0.039367599
W-1214,Geosyog,White,16.99,6,6.3,0.33,0.27,1.2,0.046,34,175,0.9934,3.37,0.54,9.4,0.024414063
W-1215,Colossal Interest Vintners,White,18.99,6,5.8,0.4,0.42,4.4,0.047,38.5,245,0.9937,3.25,0.57,9.6,0.030995834
W-1216,Spiritual Bird,White,23.99,7,6.3,0.29,0.29,3.3,0.037,32,140,0.9895,3.17,0.36,12.8,0.019670751
W-1217,Yimello,White,12.99,5,6.8,0.26,0.43,11.75,0.045,53,198,0.9969,3.26,0.55,9.5,0.048091721
W-1218,Mixed Balance,White,17.99,6,4.7,0.145,0.29,1,0.042,35,90,0.9908,3.76,0.49,11.3,0.0316612
W-1219,Cardsharp Vineyards,White,10.99,5,9,0.55,0.3,8.1,0.026,14,71,0.993,2.94,0.36,11.8,0.038146973
W-1220,Thankful Prankster Wine,White,17.99,6,6.4,0.1,0.35,4.9,0.048,31,103,0.9947,3.43,0.79,9.7,0.024722123
W-1221,Friendly Neighbor,White,22.99,7,7.3,0.25,0.41,1.8,0.037,52,165,0.9911,3.29,0.39,12.2,0.020234354
W-1222,Gainful Goat,White,18.99,6,5.9,0.62,0.28,3.5,0.039,55,152,0.9907,3.44,0.44,12,0.025518276
W-1223,Watchtower Wine,White,14.99,5,7.1,0.31,0.47,13.6,0.056,54,197,0.9978,3.1,0.49,9.3,0.039057008
W-1224,Toogit Vines,White,23.99,7,6.5,0.33,0.3,3.8,0.036,34,88,0.99028,3.25,0.63,12.5,0.020349979
W-1225,Narrow Ridge,White,14.99,6,6,0.34,0.29,6.1,0.046,29,134,0.99462,3.48,0.57,10.7,0.029120898
W-1226,Miniature Barrel,White,11.99,5,7,0.35,0.24,1.9,0.04,21,144,0.9923,3.35,0.38,11,0.048303345
W-1227,Cheilith,White,18.99,6,6.6,0.425,0.25,2.35,0.034,23,87,0.99082,3.05,0.41,11.4,0.026874496
W-1228,Far-Flung Bridge Vines,White,24.99,7,7.4,0.28,0.36,1.1,0.028,42,105,0.9893,2.99,0.39,12.4,0.019130372
W-1229,Didactic Chance,White,19.99,6,6.7,0.23,0.39,2.5,0.172,63,158,0.9937,3.11,0.36,9.4,0.028341779
W-1230,Wandering Judge,White,17.99,6,6.6,0.25,0.3,14.4,0.052,40,183,0.998,3.02,0.5,9.1,0.026962826
W-1231,Dairymaid,White,6.99,4,7.3,0.49,0.32,5.2,0.043,18,104,0.9952,3.24,0.45,10.7,0.073842155
W-1232,Altogether Glamorous,White,13.99,6,6.8,0.14,0.35,1.5,0.047,40,117,0.99111,3.07,0.72,11.1,0.025436943
W-1233,Offbeat Receipt Vintners,White,26.99,7,6.7,0.13,0.28,1.2,0.046,35,140,0.9927,3.33,0.33,10.1,0.018017206
W-1234,Besloor,White,17.99,6,5.3,0.36,0.27,6.3,0.028,40,132,0.99186,3.37,0.4,11.6,0.024414063
W-1235,Successful Event,White,16.99,6,6.3,0.17,0.32,4.2,0.04,37,117,0.99182,3.24,0.43,11.3,0.023741634
W-1236,Astauand Vines,White,22.99,7,7.1,0.18,0.49,1.3,0.033,12,72,0.99072,3.05,0.53,11.3,0.023026566
W-1237,Nanoarrow,White,17.99,6,7.4,0.2,0.37,16.95,0.048,43,190,0.9995,3.03,0.42,9.2,0.029829287
W-1238,Empty Cask,White,22.99,7,8,0.42,0.36,5,0.037,34,101,0.992,3.13,0.57,12.3,0.022681086
W-1239,Moderock Vintners,White,17.99,6,6.4,0.37,0.19,3.5,0.068,18,101,0.9934,3.03,0.38,9,0.027870602
W-1240,Eraow Vines,White,17.99,6,6.5,0.36,0.31,4.1,0.061,20,134,0.99475,3.18,0.45,9,0.026353517
W-1241,Fragile Grape Winery,White,27.99,8,7.3,0.19,0.27,13.9,0.057,45,155,0.99807,2.94,0.41,8.8,0.014763874
W-1242,Powerful Experience Winery,White,17.99,6,7.1,0.15,0.34,1,0.033,27,73,0.98974,3.24,0.41,12.2,0.028151885
W-1243,Thunderbird Winery,White,18.99,6,5.9,0.19,0.26,7.4,0.034,33,123,0.995,3.49,0.42,10.1,0.027593514
W-1244,Hilarious Barrister,White,15.99,6,7.6,0.24,0.44,3.8,0.037,49,146,0.9911,3.06,0.37,11.6,0.02609869
W-1245,Sohanidd Winery,White,20.99,7,6.2,0.255,0.27,1.3,0.037,30,86,0.98834,3.05,0.59,12.9,0.021562831
W-1246,Skaxis Wines,White,9.99,5,6.2,0.2,0.26,1.7,0.093,40,161,0.9924,3.44,0.66,11,0.03317839
W-1247,Nervous Mint Vineyards,White,8.99,4,5.8,0.28,0.35,2.3,0.053,36,114,0.9924,3.28,0.5,10.2,0.069618006
W-1248,Roplixoo Wine,White,16.99,6,6.3,0.2,0.24,1.7,0.052,36,135,0.99374,3.8,0.66,10.8,0.030457255
W-1249,Chillpal Wine,White,8.99,5,6.5,0.26,0.5,8,0.051,46,197,0.99536,3.18,0.47,9.5,0.033421455
W-1250,Axiomatic Winery,White,17.99,6,8.5,0.19,0.48,1.1,0.026,23,58,0.99184,2.9,0.5,10.5,0.026268161
W-1251,Zapster,White,13.99,5,6.4,0.32,0.5,10.7,0.047,57,206,0.9968,3.08,0.6,9.4,0.034937549
W-1252,Scarecrow Vineyards,White,14.99,6,6.8,0.27,0.35,7.8,0.048,76,197,0.9959,3.24,0.43,9.5,0.025036052
W-1253,Callous,White,18.99,6,6,0.41,0.05,1.5,0.063,17,120,0.9932,3.21,0.56,9.2,0.030457255
W-1254,Lifeblood,White,19.99,6,6,0.39,0.17,12,0.046,65,246,0.9976,3.15,0.38,9,0.031325867
W-1255,Grynn,White,14.99,6,6.5,0.26,0.28,12.5,0.046,80,225,0.99685,3.18,0.41,10,0.028341779
W-1256,Boorish,White,25.99,7,5.1,0.42,0.01,1.5,0.017,25,102,0.9894,3.38,0.36,12.3,0.020292043
W-1257,Schoolbook,White,14.99,6,6,0.24,0.41,1.3,0.036,42,118,0.99018,3.04,0.64,11.73333333,0.028341779
W-1258,Yboiveth Wines,White,14.99,5,7.6,0.26,0.47,1.6,0.068,5,55,0.9944,3.1,0.45,9.6,0.034937549
W-1259,Blackjack Vines,White,14.99,5,7.6,0.38,0.2,3.4,0.046,9,116,0.9944,3.15,0.41,9.4,0.037557839
W-1260,Needless Effort Vines,White,15.99,6,6.4,0.26,0.25,10.7,0.046,66,179,0.99606,3.17,0.55,9.9,0.031105263
W-1261,Blacksmith Vintners,White,15.99,6,6.5,0.17,0.33,1.4,0.028,14,99,0.9928,3.23,0.55,10.1,0.031215273
W-1262,Automatic Fall Wine,White,14.99,6,6.6,0.54,0.21,16.3,0.055,41,182,0.9986,3.35,0.54,10.4,0.02480005
W-1263,Qiameth Vines,White,9.99,5,6.6,0.56,0.22,8.9,0.034,27,133,0.99675,3.2,0.51,9.1,0.045462605
W-1264,Profuse North Wines,White,18.99,6,8.2,0.22,0.49,9.6,0.037,53,154,0.9951,3.02,0.33,10.6,0.025436943
W-1265,Agonizing Anteater,White,17.99,6,7.3,0.22,0.5,13.7,0.049,56,189,0.9994,3.24,0.66,9,0.031105263
W-1266,Dispensable Advice,White,14.99,5,6.7,0.2,0.37,1.65,0.025,42,103,0.99022,3.11,0.45,11.4,0.04432133
W-1267,Scitenoa Vines,White,18.99,6,6.1,0.28,0.23,4.2,0.038,13,95,0.98898,2.97,0.7,13.1,0.028923134
W-1268,Acaer,White,14.99,6,6.5,0.41,0.24,14,0.048,24,113,0.9982,3.44,0.53,9.8,0.024490536
W-1269,Tiny Cake Vines,White,36.99,8,8,0.34,0.49,9,0.033,39,180,0.9936,3.13,0.38,12.3,0.014005112
W-1270,Flawless Popcorn,White,10.99,5,7.1,0.21,0.27,8.6,0.056,26,111,0.9956,2.95,0.52,9.5,0.044696932
W-1271,Zestpond Vintners,White,14.99,5,7.7,0.3,0.26,18.95,0.053,36,174,0.99976,3.2,0.5,10.4,0.040647763
W-1272,Adaptable Story Vineyards,White,27.99,8,6.5,0.13,0.37,1,0.036,48,114,0.9911,3.41,0.51,11.5,0.015982585
W-1273,Bowtie,White,12.99,5,9,0.55,0.3,8.1,0.026,14,71,0.993,2.94,0.36,11.8,0.036419789
W-1274,Open River Vines,White,10.99,5,5.7,0.45,0.42,1.1,0.051,61,197,0.9932,3.02,0.4,9,0.04585284
W-1275,Grodsaar Winery,White,14.99,6,6.8,0.23,0.29,15.4,0.073,56,173,0.9984,3.06,0.41,8.7,0.029120898
W-1276,Hexteria Wine,White,20.99,7,6.6,0.2,0.27,10.9,0.038,29,130,0.99496,3.11,0.44,10.5,0.022545068
W-1277,Capricious Sun,White,24.99,7,6.2,0.28,0.22,7.3,0.041,26,157,0.9957,3.44,0.64,9.8,0.018261505
W-1278,Little Feet Winery,White,18.99,6,7,0.17,0.42,1,0.075,19,71,0.99103,3.32,0.62,11.4,0.027870602
W-1279,Fiercely Few,White,17.99,6,5.7,0.22,0.29,3.5,0.04,27,146,0.98999,3.17,0.36,12.1,0.032700149
W-1280,Hallowed Force,White,11.99,5,8.4,0.28,0.4,8.9,0.048,33,146,0.9988,3.4,0.46,9.3,0.039524286
W-1281,Chesture,White,37.99,8,6.8,0.35,0.32,2.4,0.048,35,103,0.9911,3.28,0.46,12,0.014172336
W-1282,Fallacious Stew,White,16.99,6,6.5,0.13,0.27,2.6,0.035,32,76,0.9914,3.21,0.76,11.33333333,0.030036434
W-1283,Picayune Vintners,White,14.99,6,8.2,0.26,0.49,5.2,0.04,19,100,0.9941,3.12,0.34,10.1,0.027593514
W-1284,Macabre Vineyards,White,19.99,6,9.4,0.26,0.53,1.2,0.047,25,109,0.9921,3.23,0.28,12.5,0.033057851
W-1285,Jaded Aftermath,White,16.99,6,5.6,0.19,0.39,1.1,0.043,17,67,0.9918,3.23,0.53,10.3,0.030140818
W-1286,Wise Trees Winery,White,18.99,6,6.8,0.28,0.36,1.6,0.04,25,87,0.9924,3.23,0.66,10.3,0.031105263
W-1287,Playhouse Wines,White,15.99,6,7.4,0.25,0.36,13.2,0.067,53,178,0.9976,3.01,0.48,9,0.026874496
W-1288,Luwest Vines,White,8.99,5,5.9,0.37,0.14,6.3,0.036,34,185,0.9944,3.17,0.63,9.8,0.035200237
W-1289,Odd Route,White,24.99,7,5.8,0.34,0.16,7,0.037,26,116,0.9949,3.46,0.45,10,0.018662845
W-1290,Perfect Apparel,White,19.99,6,7.2,0.26,0.4,6.3,0.047,52,172,0.99573,3.18,0.53,9.5,0.026353517
W-1291,Second Day Vineyards,White,10.99,5,7.9,0.51,0.34,2.6,0.049,13,135,0.99335,3.09,0.51,10,0.048091721
W-1292,Bumooxa Vineyards,White,6.99,4,6.5,0.27,0.19,4.2,0.046,6,114,0.9955,3.25,0.35,8.6,0.06781684
W-1293,Volatile,White,17.99,6,7.3,0.26,0.33,11.8,0.057,48,127,0.99693,3.1,0.55,10,0.033057851
W-1294,Sevit,White,16.99,6,6.3,0.23,0.5,10.4,0.043,61,132,0.99542,2.86,0.46,9.1,0.024878345
W-1295,Boaconic Vintners,White,9.99,4,6,0.67,0.07,1.2,0.06,9,108,0.9931,3.11,0.35,8.7,0.075060987
W-1296,Limestone Winery,White,16.99,6,10,0.2,0.39,1.4,0.05,19,152,0.994,3,0.42,10.4,0.028246593
W-1297,Olielle,White,13.99,6,5.4,0.29,0.38,1.2,0.029,31,132,0.98895,3.28,0.36,12.4,0.023741634
W-1298,Arrowgance Vineyards,White,9.99,4,6.6,0.35,0.19,10.5,0.06,15,82,0.99588,3.13,0.38,9.9,0.076733604
W-1299,Upmarket Winery,White,22.99,7,7.7,0.24,0.29,15.3,0.044,39,194,0.9982,3.06,0.47,9.6,0.017968935
W-1300,Nekmunnit,White,10.99,5,5.6,0.29,0.05,0.8,0.038,11,30,0.9924,3.36,0.35,9.2,0.042865287
W-1301,Fliondeso Winery,White,24.99,7,5.8,0.28,0.3,1.5,0.026,31,114,0.98952,3.32,0.6,12.5,0.019893332
W-1302,Dogdax Wine,White,12.99,5,7.7,0.26,0.4,1.1,0.042,9,60,0.9915,2.89,0.5,10.6,0.038446751
W-1303,Silent Abbey Vineyards,White,12.99,5,6.5,0.39,0.35,1.6,0.049,10,164,0.99516,3.35,0.51,9.7,0.034548997
W-1304,Pentwist,White,22.99,7,7.2,0.17,0.28,17.55,0.05,33,154,0.99971,2.94,0.43,9,0.019236651
W-1305,Permissible,White,13.99,6,7.4,0.36,0.33,1.4,0.025,27,55,0.9915,3.21,0.33,11.2,0.026612094
W-1306,Scrawny Rat Vintners,White,15.99,6,5.3,0.6,0.34,1.4,0.031,3,60,0.98854,3.27,0.38,13,0.030140818
W-1307,Aware,White,36.99,8,5.4,0.53,0.16,2.7,0.036,34,128,0.98856,3.2,0.53,13.2,0.016649324
W-1308,Shaggy Lamb,White,17.99,6,8,0.36,0.43,10.1,0.053,29,146,0.9982,3.4,0.46,9.5,0.023668639
W-1309,Yoffa,White,19.99,6,6.4,0.27,0.29,3.9,0.034,62,140,0.99237,3.1,0.59,11.1,0.023741634
W-1310,Lowly Discussion,White,14.99,5,5.8,0.34,0.21,6.6,0.04,50,167,0.9941,3.29,0.62,10,0.047672623
W-1311,Skylark,White,13.99,5,7.3,0.15,0.4,2,0.05,24,92,0.9932,3.14,0.45,10.5,0.04233772
W-1312,Round Liquid,White,22.99,7,6.7,0.47,0.29,4.75,0.034,29,134,0.99056,3.29,0.46,13,0.022078516
W-1313,Taboo Title,White,14.99,6,6.3,0.16,0.22,1.3,0.046,18,66,0.99307,3.61,0.55,10.3,0.029932592
W-1314,Gusty Gale Wines,White,21.99,7,6.6,0.17,0.38,1.5,0.032,28,112,0.9914,3.25,0.55,11.4,0.020408163
W-1315,Rigid Mountain Winery,White,29.99,8,6.6,0.23,0.3,4.6,0.06,29,154,0.99142,3.23,0.49,12.2,0.01430828
W-1316,Hardly Hurried,White,16.99,6,6.6,0.42,0.33,2.8,0.034,15,85,0.99,3.28,0.51,13.4,0.028727377
W-1317,Heavy Cast Vineyards,White,21.99,7,7.1,0.44,0.37,2.7,0.041,35,128,0.9896,3.07,0.43,13.5,0.018410476
W-1318,Eggmode Wines,White,20.99,7,7.7,0.32,0.48,2.3,0.04,28,114,0.9911,3.2,0.52,12.8,0.018868494
W-1319,Gray Ducks,White,21.99,7,6.3,0.3,0.29,2.1,0.048,33,142,0.98956,3.22,0.46,12.9,0.018662845
W-1320,Schoolhouse,White,11.99,5,6.3,0.33,0.2,5.8,0.04,24,144,0.99425,3.15,0.63,9.9,0.035870064
W-1321,Snowbank Vines,White,13.99,6,6.2,0.24,0.27,2.9,0.039,30,123,0.98959,3.12,0.37,12.8,0.025115468
W-1322,Adamant Position,White,16.99,6,7.7,0.38,0.23,10.8,0.03,28,95,0.99164,2.93,0.41,13.6,0.031548827
W-1323,Sweet Regret Wine,White,13.99,6,7.4,0.27,0.49,1.1,0.037,33,156,0.992,3.15,0.54,11.1,0.026699133
W-1324,Duckpin Winery,White,14.99,5,6.8,0.31,0.19,3.5,0.086,30,130,0.993,2.83,0.44,9.6,0.034677791
W-1325,Quirkily Anxious Vineyards,White,23.99,7,7,0.22,0.26,2.8,0.036,44,132,0.99078,3.34,0.41,12,0.019397739
W-1326,Sasaroo,White,11.99,5,6.2,0.45,0.73,7.2,0.099,47,202,0.99582,3.21,0.43,9.2,0.044508537
W-1327,Foresight Winery,White,49.99,9,9.1,0.27,0.45,10.6,0.035,28,124,0.997,3.2,0.46,10.4,0.012511949
W-1328,Tacit Suggestion,White,13.99,5,7,0.28,0.28,1.4,0.039,12,83,0.99173,3.18,0.65,11.1,0.041479835
W-1329,Towering Cherry Wines,White,9.99,4,7.2,0.55,0.09,1.5,0.108,16,151,0.9938,3.07,0.57,9.2,0.074245113
W-1330,Massive Fowl Winery,White,24.99,7,6.9,0.15,0.29,2.3,0.033,14,82,0.99132,3.1,0.58,11.2,0.020525283
W-1331,Rainbow Vineyards,White,18.99,6,6.3,0.25,0.44,1.7,0.024,36,116,0.98935,3.18,0.4,12.5,0.02576463
W-1332,Wistful Zephyr Wine,White,22.99,7,6,0.24,0.27,1.9,0.048,40,170,0.9938,3.64,0.54,10,0.023308665
W-1333,Tame Tamarin,White,13.99,6,5.9,0.15,0.31,5.8,0.041,53,155,0.9945,3.52,0.46,10.5,0.030140818
W-1334,Left Bank Vines,White,16.99,6,6,0.22,0.23,5,0.045,10,122,0.99261,2.94,0.63,10,0.027230446
W-1335,Novaly,White,19.99,6,8,0.25,0.27,9.7,0.036,15,85,0.99406,2.99,0.36,11.2,0.025930853
W-1336,Seashore Wine,White,18.99,7,6.2,0.2,0.33,5.4,0.028,21,75,0.99012,3.36,0.41,13.5,0.021374098
W-1337,Ancient Acres Vines,White,17.99,6,6.7,0.11,0.26,14.8,0.053,44,95,0.99676,3.2,0.35,9.8,0.0256
W-1338,Newsbreak Vineyards,White,19.99,6,7.3,0.14,0.49,1.1,0.038,28,99,0.9928,3.2,0.72,10.6,0.024878345
W-1339,Ruthless Cook,White,7.99,4,6.9,0.75,0.13,6.3,0.036,19,50,0.99312,3.09,0.25,11.1,0.069986842
W-1340,Outgoing,White,36.99,8,4.9,0.33,0.31,1.2,0.016,39,150,0.98713,3.33,0.59,14,0.016227839
W-1341,Duckbill Winery,White,20.99,7,7.3,0.4,0.26,5.45,0.016,26,90,0.98951,2.84,0.54,13.2,0.018410476
W-1342,Morath Wine,White,11.99,5,7,0.23,0.28,2.7,0.053,16,92,0.99372,3.18,0.56,9.3,0.046447681
W-1343,Lopsided Bee Winery,White,24.99,7,6.8,0.34,0.36,8.9,0.029,44,128,0.99318,3.28,0.35,11.95,0.022887433
W-1344,Observant Sisters Winery,White,14.99,5,7,0.27,0.41,18.75,0.042,34,157,1.0002,2.96,0.5,9.1,0.04
W-1345,Amusing Flower Vines,White,13.99,6,5.5,0.31,0.29,3,0.027,16,102,0.99067,3.23,0.56,11.2,0.032464897
W-1346,Waterfront Vineyards,White,12.99,5,6.4,0.15,0.29,1.8,0.044,21,115,0.99166,3.1,0.38,10.2,0.041819832
W-1347,Checknology,White,16.99,6,7.6,0.19,0.38,10.6,0.06,48,174,0.9962,3.13,0.38,10.5,0.032818736
W-1348,Violet Vines,White,29.99,8,5.4,0.46,0.15,2.1,0.026,29,130,0.98953,3.39,0.77,13.4,0.015664136
W-1349,Sophile Vintners,White,19.99,7,7.2,0.24,0.29,2.2,0.037,37,102,0.992,3.27,0.64,11,0.018868494
W-1350,Uninhabited Territory Wine,White,8.99,5,7.3,0.29,0.37,8.3,0.044,45,227,0.9966,3.12,0.47,9,0.039367599
W-1351,Fortnight,White,15.99,6,6.8,0.32,0.23,3.3,0.026,31,99,0.9896,3.1,0.4,12.4,0.025115468
W-1352,Someday Wines,White,14.99,5,7.4,0.18,0.4,1.6,0.047,22,102,0.9937,3.28,0.44,10.7,0.039367599
W-1353,Headquarters Vintners,White,23.99,7,6.3,0.13,0.42,1.1,0.043,63,146,0.99066,3.13,0.72,11.2,0.021754075
W-1354,Overboard,White,24.99,7,6.9,0.33,0.31,4.2,0.04,21,93,0.9896,3.18,0.48,13.4,0.022078516
W-1355,Something,White,23.99,7,7.2,0.2,0.34,2.7,0.032,49,151,0.99,3.16,0.39,12.7,0.019183401
W-1356,Coordinated Effort Wines,White,18.99,6,7.7,0.34,0.28,11,0.04,31,117,0.99815,3.27,0.29,9.2,0.031887755
W-1357,Printure,White,11.99,5,6.4,0.3,0.38,7.8,0.046,35,192,0.9955,3.1,0.37,9,0.044886527
W-1358,Short Line,White,13.99,5,5.8,0.33,0.23,5,0.053,29,106,0.99458,3.13,0.52,9,0.035870064
W-1359,Jolly Bell Wines,White,16.99,6,6.9,0.32,0.27,16,0.034,58,185,0.99938,3.34,0.6,9,0.025355998
W-1360,Unwieldy Cushion Winery,White,11.99,5,6,0.26,0.15,1.2,0.053,35,124,0.99347,3.08,0.46,8.8,0.034677791
W-1361,Nocobot Vineyards,White,18.99,6,6.8,0.22,0.31,6.3,0.035,33,170,0.9918,3.24,0.66,12.6,0.025195263
W-1362,Timetable,White,6.99,4,9.4,0.29,0.55,2.2,0.05,17,119,0.9962,3.12,0.69,10.3,0.075473977
W-1363,Scintillating Vineyards,White,9.99,4,5.8,0.26,0.3,2.6,0.034,75,129,0.9902,3.2,0.38,11.5,0.05484591
W-1364,Kiraric Wines,White,14.99,6,5.7,0.25,0.26,12.5,0.049,52.5,120,0.99691,3.08,0.45,9.4,0.028437448
W-1365,Crossbow Wine,White,25.99,7,8.4,0.22,0.3,1.3,0.038,45,122,0.99178,3.13,0.54,10.8,0.019130372
W-1366,Upshot,White,21.99,7,6.5,0.28,0.34,3.6,0.04,29,121,0.99111,3.28,0.48,12.1,0.023026566
W-1367,Second-Hand Steam Vineyards,White,16.99,6,6,0.34,0.29,6.1,0.046,29,134,0.99462,3.48,0.57,10.7,0.023888641
W-1368,Loving Mother Wine,White,13.99,5,7.6,0.285,0.32,14.6,0.063,32,201,0.998,3,0.45,9.2,0.040484355
W-1369,Frequently Calculating Wines,White,17.99,6,6.8,0.22,0.35,17.5,0.039,38,153,0.9994,3.24,0.42,9,0.0256
W-1370,Prickly Pear Vineyards,White,15.99,6,7.4,0.34,0.42,1.1,0.033,17,171,0.9917,3.12,0.53,11.3,0.023962657
W-1371,Stepjump Vineyards,White,22.99,7,5.9,0.32,0.28,4.7,0.039,34,94,0.98964,3.22,0.57,13.1,0.018713941
W-1372,Stoplight Winery,White,13.99,6,7.2,0.19,0.27,11.2,0.061,46,149,0.99772,2.99,0.59,9.3,0.031105263
W-1373,Chillaid Winery,White,9.99,5,6.4,0.31,0.31,12.9,0.045,55,161,0.99546,3.02,0.59,10.2,0.037998396
W-1374,Naperone,White,15.99,6,6.6,0.39,0.38,9.7,0.053,49,226,0.99787,3.3,0.57,9.4,0.029522561
W-1375,Striped Donkey Vineyards,White,19.99,6,6.7,0.3,0.5,12.1,0.045,38,127,0.9974,3.04,0.53,8.9,0.032937968
W-1376,Parallel Flight,White,8.99,5,6.6,0.31,0.49,7.7,0.05,52,220,0.9964,3.12,0.45,8.8,0.048091721
W-1377,Dusty Barrel Wines,White,17.99,6,8.2,0.23,0.49,0.9,0.057,15,73,0.9928,3.07,0.38,10.4,0.032700149
W-1378,Trelod,White,6.99,4,6.4,0.35,0.35,5.6,0.034,9,148,0.99441,3.17,0.5,9.8,0.066425763
W-1379,Wicked Drop Vineyards,White,10.99,5,7.6,0.18,0.49,18.05,0.046,36,158,0.9996,3.06,0.41,9.2,0.040812162
W-1380,Showoff Wines,White,18.99,6,6.9,0.46,0.2,0.9,0.054,5,126,0.992,3.1,0.42,10.4,0.02480005
W-1381,Therapeutic Vintners,White,13.99,5,7.1,0.31,0.25,11.2,0.048,32,136,0.99663,3.14,0.4,9.5,0.043950441
W-1382,Meantime Vintners,White,14.99,6,6.4,0.22,0.34,1.8,0.057,29,104,0.9959,3.81,0.57,10.3,0.031215273
W-1383,Finicky Cheese Vintners,White,8.99,5,6.2,0.36,0.14,8.9,0.036,38,155,0.99622,3.27,0.5,9.4,0.040647763
W-1384,Hapless Vineyards,White,16.99,6,6.3,0.23,0.22,3.75,0.039,37,116,0.9927,3.23,0.5,10.7,0.024878345
W-1385,Judicious Brass Wine,White,14.99,6,6.1,0.28,0.26,1.5,0.03,25,101,0.98894,3.03,0.41,12.1,0.028533601
W-1386,Uppermost Vineyards,White,14.99,6,6.2,0.2,0.25,15,0.055,8,120,0.99767,3.19,0.53,9.6,0.02942137
W-1387,Polite Panda Wines,White,12.99,5,5.1,0.23,0.18,1,0.053,13,99,0.98956,3.22,0.39,11.5,0.033421455
W-1388,Futuristic Wines,White,25.99,7,6.3,0.41,0.3,3.2,0.03,49,164,0.9927,3.53,0.79,11.7,0.018065672
W-1389,Inquisitive Station Vintners,White,26.99,7,6,0.26,0.32,3.5,0.028,29,113,0.9912,3.4,0.71,12.3,0.021947874
W-1390,Exciting Produce Wine,White,9.99,5,7.8,0.3,0.37,1.3,0.051,16,96,0.9941,3.32,0.62,10,0.036559195
W-1391,Boaclick,White,23.99,7,5.5,0.29,0.3,1.1,0.022,20,110,0.98869,3.34,0.38,12.8,0.017968935
W-1392,Zany View,White,17.99,6,7.4,0.24,0.22,10.7,0.042,26,81,0.9954,2.86,0.36,9.7,0.030457255
W-1393,Hoopper Vines,White,14.99,5,7,0.39,0.21,10.7,0.098,13,91,0.99657,3.03,0.47,9.3,0.03317839
W-1394,Mighty Nettle,White,13.99,5,6.5,0.24,0.24,1.6,0.046,15,60,0.9928,3.19,0.39,9.8,0.047054173
W-1395,Present Plough,White,19.99,6,6.9,0.38,0.29,13.65,0.048,52,189,0.99784,3,0.6,9.5,0.028341779
W-1396,Well-Made Box Vineyards,White,22.99,7,6.4,0.35,0.28,1.6,0.037,31,113,0.98779,3.12,0.4,14.2,0.023026566
W-1397,Sandstone Winery,White,17.99,6,14.2,0.27,0.49,1.1,0.037,33,156,0.992,3.15,0.54,11.1,0.028825006
W-1398,Modgone,White,13.99,6,5,0.31,0,6.4,0.046,43,166,0.994,3.3,0.63,9.9,0.02480005
W-1399,Exciting Theory Wines,White,9.99,4,5.2,0.405,0.15,1.45,0.038,10,44,0.99125,3.52,0.4,11.6,0.076310247
W-1400,Drywest Vintners,White,17.99,6,8.1,0.2,0.28,0.9,0.023,49,87,0.99062,2.92,0.36,11.1,0.029522561
W-1401,Dependent Metal Vintners,White,16.99,6,8.5,0.21,0.41,4.3,0.036,24,99,0.9947,3.18,0.53,9.7,0.026874496
W-1402,Swooflia,White,25.99,7,8.1,0.31,0.36,8.2,0.028,29,142,0.9925,3.01,0.34,13,0.01902497
W-1403,Firecracker Vintners,White,23.99,7,6.1,0.105,0.31,1.3,0.037,55,145,0.9912,3.41,0.41,11.1,0.019130372
W-1404,Unsuitable Suitor Wines,White,23.99,7,6.3,0.22,0.43,4.55,0.038,31,130,0.9918,3.35,0.33,11.5,0.018460539
W-1405,Tupress,White,9.99,4,6.4,0.595,0.14,5.2,0.058,15,97,0.9951,3.38,0.36,9,0.076310247
W-1406,Upright Wine,White,18.99,6,7.4,0.24,0.42,14,0.066,48,198,0.9979,2.89,0.42,8.9,0.032348222
W-1407,Sleepy Giraffe,White,9.99,5,8.8,0.34,0.33,9.7,0.036,46,172,0.9966,3.08,0.4,10.2,0.04233772
W-1408,Petite Pail Vines,White,26.99,7,6.3,0.13,0.42,1.1,0.043,63,146,0.99066,3.13,0.72,11.2,0.019343819
W-1409,Boundless Spring Winery,White,18.99,7,7.4,0.2,0.28,9.1,0.047,29,95,0.99532,3.16,0.47,9.8,0.019290123
W-1410,Gullible Vines,White,19.99,7,7.3,0.145,0.33,1.1,0.042,14,64,0.99012,3.1,0.37,11.8,0.020822532
W-1411,Eminent Yak,White,12.99,5,7.2,0.34,0.28,10.4,0.108,43,187,0.99738,2.96,0.57,9.4,0.046447681
W-1412,Soostev Vineyards,White,17.99,6,5,0.33,0.18,4.6,0.032,40,124,0.99114,3.18,0.4,11,0.025682117
W-1413,Mammoth Land,White,12.99,5,6,0.41,0.23,1.1,0.066,22,148,0.99266,3.3,0.47,9.633333333,0.038903089
W-1414,Entertaining Egghead Vines,White,12.99,5,7,0.29,0.33,0.9,0.041,20,117,0.99048,3.21,0.5,11.4,0.036006323
W-1415,Shortbread Wine,White,13.99,5,7.2,0.27,0.74,12.5,0.037,47,156,0.9981,3.04,0.44,8.7,0.034807307
W-1416,Dear Friends Wines,White,18.99,6,6.7,0.21,0.48,14.8,0.05,31,195,0.99942,2.95,0.75,8.8,0.024414063
W-1417,Hesitant Step Vines,White,19.99,6,6,0.19,0.26,1.4,0.039,30,104,0.98998,3.32,0.41,12.4,0.024414063
W-1418,Unequaled Tray Wine,White,19.99,6,7.9,0.22,0.24,4.6,0.044,39,159,0.9927,2.99,0.28,11.5,0.032001946
W-1419,Outrageous Worm,White,17.99,6,5.2,0.335,0.2,1.7,0.033,17,74,0.99002,3.34,0.48,12.3,0.024878345
W-1420,Skizzle Vineyards,White,12.99,5,6.4,0.24,0.28,11.5,0.05,34,163,0.9969,3.31,0.45,9.5,0.043950441
W-1421,Natural,White,25.99,8,7,0.53,0.43,6.1,0.029,6,76,0.99118,3.08,0.5,12.5,0.017777778
W-1422,Auspicious Cow Wines,White,13.99,5,6.9,0.43,0.28,9.4,0.056,29,183,0.99594,3.17,0.43,9.4,0.048516369
W-1423,Keen Dime Wines,White,13.99,5,6.3,0.17,0.23,5.7,0.048,44,147,0.99382,3.08,0.54,10,0.042865287
W-1424,Rowlow,White,10.99,5,7.5,0.33,0.39,12.4,0.065,29,119,0.9974,3.16,0.39,9.4,0.046850696
W-1425,Fascinating Story Vineyards,White,21.99,7,7.9,0.41,0.37,4.5,0.03,40,114,0.992,3.17,0.54,12.4,0.021499643
W-1426,Imaginary Actor Vintners,White,5.99,3,6.1,0.2,0.34,9.5,0.041,38,201,0.995,3.14,0.44,10.1,0.111111111
W-1427,Smiling People,White,18.99,7,4.8,0.26,0.23,10.6,0.034,23,111,0.99274,3.46,0.28,11.5,0.020349979
W-1428,Wooden Frame,White,13.99,5,6.7,0.39,0.24,2.7,0.017,22,80,0.99084,3.03,0.37,11.5,0.04507733
W-1429,Enchanting Hall,White,15.99,6,5.6,0.175,0.29,0.8,0.043,20,67,0.99112,3.28,0.48,9.9,0.030778701
W-1430,Salty Sea Wines,White,35.99,8,6.6,0.16,0.36,1.1,0.031,27,93,0.98884,3.23,0.34,13.2,0.016563723
W-1431,Unbiased Estimate Winery,White,19.99,6,8,0.22,0.28,14,0.053,83,197,0.9981,3.14,0.45,9.8,0.025436943
W-1432,Catwalk Vintners,White,18.99,7,7,0.15,0.28,14.7,0.051,29,149,0.99792,2.96,0.39,9,0.020006042
W-1433,Lazap Wine,White,20.99,7,6.6,0.36,0.28,6.1,0.029,12,93,0.99054,3.19,0.27,12.8,0.017920858
W-1434,Shivering Branch Vintners,White,9.99,5,7.4,0.24,0.31,8.4,0.045,52,183,0.9963,3.09,0.32,8.8,0.046850696
W-1435,Jagged Edges Wines,White,14.99,6,7,0.35,0.17,1.1,0.049,7,119,0.99297,3.13,0.36,9.7,0.030778701
W-1436,Chorenn Winery,White,17.99,6,6.2,0.2,0.28,1.1,0.039,24,78,0.9899,3.36,0.47,12.1,0.029522561
W-1437,Fishnet,White,13.99,5,6.8,0.3,0.22,6.2,0.06,41,190,0.99858,3.18,0.51,9.2,0.0336672
W-1438,Absorbing Story,White,11.99,5,7.2,0.24,0.27,11.4,0.034,40,174,0.99773,3.2,0.44,9,0.035599858
W-1439,Quaint Loch Vineyards,White,14.99,5,8.1,0.22,0.28,7.7,0.043,57,176,0.9954,3.12,0.55,10,0.037850687
W-1440,Ironwork,White,18.99,6,6.1,0.19,0.25,4,0.023,23,112,0.9923,3.37,0.51,11.6,0.024037017
W-1441,Jobox Vintners,White,13.99,6,7.9,0.22,0.45,14.2,0.038,53,141,0.9992,3.03,0.46,9.2,0.028923134
W-1442,Diligent Guide Wine,White,17.99,6,8.9,0.26,0.33,8.1,0.024,47,202,0.99558,3.13,0.46,10.8,0.030670989
W-1443,Unruly Arch Vintners,White,16.99,6,6.8,0.4,0.29,2.8,0.044,27,97,0.9904,3.12,0.42,11.2,0.02750207
W-1444,Cooperative,White,14.99,5,7.9,0.35,0.36,1.6,0.038,11,124,0.9928,3.25,0.48,11,0.034293553
W-1445,Minivivi Wine,White,13.99,5,6.4,0.24,0.26,8.2,0.054,47,182,0.99538,3.12,0.5,9.5,0.035870064
W-1446,Sixfold,White,18.99,6,6.3,0.29,0.23,14.2,0.037,24,99,0.99528,3.08,0.38,10.6,0.024262187
W-1447,Skylight Vineyards,White,14.99,5,9.1,0.33,0.38,1.7,0.062,50.5,344,0.9958,3.1,0.7,9.5,0.036419789
W-1448,Grandstand,White,16.99,6,9,0.3,0.49,7.2,0.039,32,84,0.9938,2.94,0.32,11.5,0.031325867
W-1449,Tomash Winery,White,8.99,5,6.5,0.32,0.12,11.5,0.033,35,165,0.9974,3.22,0.32,9,0.045269353
W-1450,Vallume Wines,White,18.99,7,8.2,0.35,0.4,6.3,0.039,35,162,0.9936,3.15,0.34,11.9,0.020234354
W-1451,Harmonious Notes,White,21.99,7,5.9,0.17,0.29,3.1,0.03,32,123,0.98913,3.41,0.33,13.7,0.021562831
W-1452,Butternut,White,8.99,5,7.4,0.21,0.8,12.3,0.038,77,183,0.99778,2.95,0.48,9,0.037850687
W-1453,Blacklist,White,32.99,8,7,0.22,0.26,9.2,0.027,37,122,0.99228,3.06,0.34,12.5,0.014692378
W-1454,Snotty Snob,White,16.99,6,8,0.33,0.35,10,0.035,22,108,0.99457,3.12,0.36,11.6,0.02942137
W-1455,Steeplump,White,10.99,5,6.6,0.24,0.27,10.3,0.047,54,219,0.99742,3.04,0.45,8.8,0.042688341
W-1456,Noodile Vines,White,16.99,6,7,0.21,0.22,5.1,0.048,38,168,0.9945,3.34,0.49,10.4,0.025115468
W-1457,Pointless Door,White,9.99,5,7.6,0.29,0.42,1.3,0.035,18,86,0.9908,2.99,0.39,11.3,0.036559195
W-1458,Replitz Vintners,White,14.99,6,7.1,0.22,0.74,2.7,0.044,42,144,0.991,3.31,0.41,12.2,0.032937968
W-1459,Happy Riddle,White,14.99,6,8.2,0.23,0.29,1.8,0.047,47,187,0.9933,3.13,0.5,10.2,0.025930853
W-1460,Organic Turn Vines,White,9.99,5,6.9,0.33,0.28,1.3,0.051,37,187,0.9927,3.27,0.6,10.3,0.03317839
W-1461,Cartwheel Vineyards,White,8.99,5,6.9,0.54,0.32,13.2,0.05,53,236,0.9973,3.2,0.5,9.6,0.042865287
W-1462,Redundant Butter,White,15.99,6,7.7,0.24,0.31,1.3,0.047,33,106,0.993,3.22,0.55,10.8,0.0316612
W-1463,Losenoid,White,9.99,5,8,0.24,0.48,6.8,0.047,13,134,0.99616,3.23,0.7,10,0.039524286
W-1464,Alluring Light,White,13.99,6,6.3,0.37,0.37,1.5,0.024,12,76,0.98876,2.94,0.39,12.3,0.032116751
W-1465,Faint Whisper Vintners,White,19.99,7,7,0.15,0.28,14.7,0.051,29,149,0.99792,2.96,0.39,9,0.020466597
W-1466,Hysleria Vines,White,22.99,7,6.4,0.14,0.31,1.2,0.034,53,138,0.99084,3.38,0.35,11.5,0.023096608
W-1467,Cultured Set Winery,White,10.99,5,6.2,0.3,0.32,1.2,0.052,32,185,0.99266,3.28,0.44,10.1,0.038597967
W-1468,Ludicrous Calculator Wines,White,9.99,5,6.8,0.29,0.5,13.3,0.053,48,194,0.9974,3.09,0.45,9.4,0.039211842
W-1469,Rodrup Winery,White,24.99,7,5.8,0.61,0.01,8.4,0.041,31,104,0.9909,3.26,0.72,14.05,0.019397739
W-1470,Caring Creditor Vintners,White,20.99,7,5.6,0.22,0.32,1.2,0.024,29,97,0.98823,3.2,0.46,13.05,0.018261505
W-1471,Upturn,White,12.99,5,7.4,0.31,0.26,8.6,0.048,47,206,0.9964,3.26,0.36,9.1,0.047258979
W-1472,Kaloolun,White,10.99,4,6.4,0.34,0.2,14.9,0.06,37,162,0.9983,3.13,0.45,9,0.05284714
W-1473,Pleasant Grapes Vintners,White,15.99,6,8.1,0.26,0.37,1.9,0.072,48,159,0.9949,3.37,0.7,10.9,0.024722123
W-1474,Luezoid,White,17.99,6,6.9,0.25,0.33,1.2,0.035,35,158,0.99082,3.02,0.58,11.3,0.032464897
W-1475,Castrealm Wine,White,14.99,6,7.4,0.2,1.66,2.1,0.022,34,113,0.99165,3.26,0.55,12.2,0.030995834
W-1476,Spusious Wine,White,17.99,6,6.7,0.15,0.32,7.9,0.034,17,81,0.99512,3.29,0.31,10,0.023888641
W-1477,Waterside,White,26.99,7,5.6,0.21,0.24,4.4,0.027,37,150,0.991,3.3,0.31,11.5,0.020006042
W-1478,Laughable Observation Wines,White,18.99,6,5.7,0.32,0.5,2.6,0.049,17,155,0.9927,3.22,0.64,10,0.024337947
W-1479,Reiltas Vineyards,White,17.99,6,5.9,0.32,0.2,14.4,0.05,29,144,0.99666,3.24,0.41,10.3,0.027140798
W-1480,Groovy Mask Vineyards,White,19.99,6,7.2,0.23,0.46,6.4,0.036,17,85,0.99279,3.1,0.78,11.7,0.029320698
W-1481,Joyous Friends Wines,White,8.99,5,6.3,0.27,0.23,2.9,0.047,13,100,0.9936,3.28,0.43,9.8,0.033915665
W-1482,Riverbanks,White,22.99,7,7.3,0.19,0.27,1.6,0.027,35,136,0.99248,3.38,0.54,11,0.018561278
W-1483,Jeren,White,16.99,6,6.4,0.29,0.21,9.65,0.041,36,119,0.99334,2.99,0.34,10.93333333,0.024337947
W-1484,Looplab,White,12.99,5,6.3,0.2,0.37,11.8,0.045,58,130,0.99519,3.2,0.35,10.8,0.039211842
W-1485,Backlash Winery,White,29.99,8,6.2,0.28,0.28,4.3,0.026,22,105,0.989,2.98,0.64,13.1,0.016269263
W-1486,Level Headed Vintners,White,12.99,5,7.3,0.37,0.16,14.9,0.048,59,240,0.99902,3.13,0.45,8.9,0.03354399
W-1487,Nedril,White,19.99,6,6.4,0.32,0.27,4.9,0.034,18,122,0.9916,3.36,0.71,12.5,0.023962657
W-1488,Zestily Jealous Vines,White,13.99,5,8.2,0.31,0.43,7,0.047,18,87,0.99628,3.23,0.64,10.6,0.042512488
W-1489,Questionably Overconfident,White,8.99,5,6.9,0.29,0.4,19.45,0.043,36,156,0.9996,2.93,0.47,8.9,0.045269353
W-1490,Didiza Wine,White,18.99,7,6.8,0.21,0.26,11.7,0.038,61,152,0.99523,3.02,0.56,10.5,0.019506258
W-1491,Turnbuckle,White,10.99,5,6.8,0.25,0.18,1.4,0.056,13,137,0.9935,3.11,0.42,9.5,0.046447681
W-1492,Nevermore,White,21.99,7,5.6,0.255,0.57,10.7,0.056,66,171,0.99464,3.25,0.61,10.4,0.023026566
W-1493,Hendassa Vintners,White,11.99,5,6.9,0.17,0.25,1.6,0.047,34,132,0.9914,3.16,0.48,11.4,0.044696932
W-1494,Brief Rain Wine,White,27.99,8,5.6,0.21,0.4,1.3,0.041,81,147,0.9901,3.22,0.95,11.6,0.01574285
W-1495,Voonex,White,22.99,7,7,0.18,0.26,1.4,0.044,46,89,0.99256,3.39,0.48,10.7,0.017872973
W-1496,Lively Jelly Vines,White,20.99,7,7.9,0.18,0.33,1.2,0.033,20,72,0.9922,3.12,0.38,10.5,0.018611957
W-1497,Thoughtful Farm Vines,White,19.99,6,6.4,0.22,0.49,7.5,0.054,42,151,0.9948,3.27,0.52,10.1,0.025195263
W-1498,Curvy Road,White,18.99,6,6.9,0.38,0.29,13.65,0.048,52,189,0.99784,3,0.6,9.5,0.030995834
W-1499,Wavefire,White,18.99,6,6.5,0.17,0.31,1.5,0.041,34,121,0.99092,3.06,0.46,10.5,0.029320698
W-1500,Quick Detail,White,19.99,6,6.2,0.15,0.27,11,0.035,46,116,0.99602,3.12,0.38,9.1,0.028151885
W-1501,Lulerain,White,9.99,5,6.7,0.14,0.46,1.6,0.036,15,92,0.99264,3.37,0.49,10.9,0.04
W-1502,Honeysuckle,White,16.99,6,8.1,0.28,0.34,1.3,0.035,11,126,0.99232,3.14,0.5,9.8,0.029829287
W-1503,Divergent Approval,White,14.99,6,8.2,0.2,0.49,3.5,0.057,14,108,0.9928,3.19,0.35,11.5,0.028341779
W-1504,Witty Kittens,White,7.99,4,9.9,1.005,0.46,1.4,0.046,34,185,0.9966,3.02,0.49,10.2,0.05284714
W-1505,Defiant Winery,White,15.99,6,6.1,0.31,0.34,2.8,0.042,59.5,162,0.99179,3.27,0.47,10.8,0.025195263
W-1506,Vasagle,White,8.99,5,8.9,0.27,0.34,10.7,0.029,19.5,166,0.99669,3.13,0.48,10.6,0.035200237
W-1507,Public Floor Wines,White,18.99,6,7.1,0.2,0.31,7.4,0.053,32,211,0.99587,3.31,0.59,10.4,0.030036434
W-1508,Tenuous Connection,White,13.99,5,8.2,0.23,0.37,1.3,0.042,39,117,0.9928,2.99,0.36,10,0.044135301
W-1509,Wheelhouse,White,10.99,5,7.9,0.19,0.26,2.1,0.039,8,143,0.9942,3.05,0.74,9.8,0.036143359
W-1510,Maddening Recess,White,11.99,5,6.8,0.21,0.27,18.15,0.042,41,146,1.0001,3.3,0.36,8.7,0.036559195
W-1511,Clever Cannon,White,12.99,5,7.4,0.38,0.34,8.3,0.052,44,168,0.99627,3.11,0.52,9.2,0.039524286
W-1512,Moonscape Vintners,White,13.99,6,6.7,0.33,0.49,1.6,0.167,20,94,0.9914,3.11,0.5,11.4,0.023962657
W-1513,Sunfish,White,18.99,6,6.5,0.33,0.32,1,0.041,39,120,0.99004,3.06,0.37,12.2,0.029726516
W-1514,Gleblu Wine,White,14.99,5,7.2,0.24,0.4,17.85,0.049,50,185,1,3.34,0.42,9.6,0.0336672
W-1515,Honeybee Vintners,White,19.99,7,7.2,0.19,0.46,3.8,0.041,82,187,0.9932,3.19,0.6,11.2,0.023308665
W-1516,Stingy Uncle Vineyards,White,25.99,7,6.3,0.41,0.22,7.3,0.035,23,117,0.99172,3.2,0.39,11.94,0.019290123
W-1517,Cattail Wines,White,17.99,6,6.8,0.19,0.4,9.85,0.055,41,103,0.99532,2.98,0.56,10.5,0.028057653
W-1518,Superb Plate,White,16.99,6,6.8,0.26,0.29,11.9,0.052,54,160,0.99546,3.03,0.58,10.4,0.026874496
W-1519,Flat Sail,White,24.99,7,6.4,0.15,0.44,1.2,0.043,67,150,0.9907,3.14,0.73,11.2,0.022749557
W-1520,Vagabond Shop Vineyards,White,15.99,6,6.5,0.29,0.52,1.7,0.034,41,193,0.99223,3.25,0.59,10.4,0.032818736
W-1521,Plifal Vintners,White,13.99,5,6.4,0.2,0.28,2.5,0.032,24,84,0.99168,3.31,0.55,11.5,0.034677791
W-1522,Cazoova Wines,White,23.99,7,5.8,0.32,0.38,4.75,0.033,23,94,0.991,3.42,0.42,11.8,0.021311737
W-1523,Waterwheel,White,25.99,7,7.5,0.34,0.35,6,0.034,12,126,0.9924,3.16,0.39,12,0.022144274
W-1524,Onama,White,14.99,5,7.2,0.24,0.34,1.1,0.045,3,64,0.9913,3.23,0.51,11.4,0.042164026
W-1525,Bellbottom Wine,White,13.99,6,6.7,0.27,0.69,1.2,0.176,36,106,0.99288,2.96,0.43,9.2,0.023962657
W-1526,Majestic Power Vines,White,15.99,6,7.7,0.46,0.18,3.3,0.054,18,143,0.99392,3.12,0.51,10.8,0.026439289
W-1527,Tricky Task Vintners,White,21.99,7,7.1,0.12,0.3,3.1,0.018,15,37,0.99004,3.02,0.52,11.9,0.022887433
W-1528,Upscale,White,16.99,6,7.6,0.28,0.39,1.2,0.038,21,115,0.994,3.16,0.67,10,0.031325867
W-1529,Spourmo Vintners,White,10.99,5,8.1,0.27,0.41,1.45,0.033,11,63,0.9908,2.99,0.56,12,0.041143967
W-1530,Uneven Vineyards,White,12.99,5,5.7,0.14,0.3,5.4,0.045,26,105,0.99469,3.32,0.45,9.3,0.042688341
W-1531,Pegmode,White,20.99,7,6.2,0.3,0.31,1.6,0.035,40,106,0.98914,3.26,0.39,12.9,0.022612923
W-1532,Energetically Ignorant,White,11.99,5,8.8,0.27,0.25,5,0.024,52,99,0.9925,2.87,0.49,11.4,0.044508537
W-1533,Snowball,White,12.99,5,6,0.26,0.15,1.3,0.06,51,154,0.99354,3.14,0.51,8.7,0.048730806
W-1534,Rain Stick,White,28.99,8,7.1,0.45,0.24,2.7,0.04,24,87,0.98862,2.94,0.38,13.4,0.014586105
W-1535,Limelight Winery,White,11.99,5,6.8,0.35,0.53,10.1,0.053,37,151,0.9963,3.07,0.4,9.4,0.038446751
W-1536,Johackle Vineyards,White,14.99,5,8.4,0.31,0.31,0.95,0.021,52,148,0.99038,2.93,0.32,11.5,0.033057851
W-1537,Melted Copper Vintners,White,27.99,8,7,0.12,0.29,10.3,0.039,41,98,0.99564,3.19,0.38,9.8,0.01498152
W-1538,Nifty Monkey,White,18.99,6,6.6,0.17,0.36,1.9,0.036,38,110,0.99056,3.05,0.54,11.4,0.023888641
W-1539,Bookbox Vineyards,White,17.99,6,6,0.34,0.66,15.9,0.046,26,164,0.9979,3.14,0.5,8.8,0.024878345
W-1540,Lovely Writer Vines,White,8.99,4,7.5,0.34,0.24,3.85,0.031,5,34,0.99098,3.01,0.36,11.8,0.049824617
W-1541,Slowdown Wines,White,16.99,6,7,0.29,0.37,1.6,0.035,34,126,0.99058,3.26,0.47,12.3,0.025195263
W-1542,Perpetual Shade,White,14.99,6,7.9,0.2,0.34,1.2,0.04,29,118,0.9932,3.14,0.41,10.6,0.024722123
W-1543,Flawless Memory,White,17.99,6,6.6,0.25,0.31,12.4,0.059,52,181,0.9984,3.51,0.47,9.8,0.024722123
W-1544,Fluttering Butterfly,White,15.99,6,6.7,0.32,0.32,1.7,0.031,31,114,0.98946,3.12,0.35,12.5,0.027140798
W-1545,Teamwork Vineyards,White,6.99,4,7.6,0.31,0.49,13.4,0.062,50,191,0.9989,3.22,0.53,9,0.071491893
W-1546,Gogopo,White,14.99,6,6,0.2,0.25,2,0.041,30,95,0.99078,3.27,0.56,11.1,0.02750207
W-1547,Sassee Wine,White,14.99,6,5.8,0.36,0.26,3.3,0.038,40,153,0.9911,3.34,0.55,11.3,0.026962826
W-1548,Jumpy Wheel Wine,White,12.99,5,6,0.23,0.15,9.7,0.048,101,207,0.99571,3.05,0.3,9.1,0.042688341
W-1549,Ballroom Vines,White,16.99,6,6.8,0.19,0.4,9.85,0.055,41,103,0.99532,2.98,0.56,10.5,0.028246593
W-1550,Fantastic Farm Vines,White,6.99,4,6.8,0.2,0.27,1.2,0.034,19,68,0.9902,3.14,0.37,11.7,0.070358618
W-1551,Small Estate Vintners,White,15.99,6,7.3,0.24,0.34,15.4,0.05,38,174,0.9983,3.03,0.42,9,0.032818736
W-1552,Watershed Wine,White,9.99,5,7.9,0.345,0.51,15.3,0.047,54,171,0.9987,3.09,0.51,9.1,0.035599858
W-1553,Versed Wines,White,18.99,6,6.6,0.32,0.22,16.7,0.046,38,133,0.9979,3.22,0.67,10.4,0.0316612
W-1554,Crestboot Vintners,White,9.99,5,6.8,0.24,0.31,18.3,0.046,40,142,1,3.3,0.41,8.7,0.042865287
W-1555,Unique,White,13.99,6,6.8,0.26,0.48,6.2,0.049,55,182,0.99582,3.21,0.45,9.4,0.031325867
W-1556,Pinstripe,White,16.99,6,6.6,0.23,0.3,14.9,0.051,33,118,0.99835,3.04,0.54,9,0.023962657
W-1557,Superfine Vintners,White,9.99,4,8.6,0.34,0.36,1.4,0.045,11,119,0.99556,3.17,0.47,9.4,0.050498674
W-1558,Yodacloud Vintners,White,20.99,7,7.4,0.18,0.31,1.4,0.058,38,167,0.9931,3.16,0.53,10,0.020292043
W-1559,Immense Grape,White,14.99,6,8,0.2,0.36,1.2,0.032,21,78,0.9921,3.08,0.37,10.4,0.025847541
W-1560,Amused,White,16.99,6,7,0.25,0.56,2,0.035,20,95,0.9918,3.23,0.53,11,0.023668639
W-1561,Esuyp,White,16.99,6,6.7,0.38,0.26,9.55,0.036,35,91,0.9919,2.98,0.37,12.4,0.032348222
W-1562,Drawbridge Vineyards,White,36.99,8,7.3,0.17,0.24,8.1,0.121,32,162,0.99508,3.17,0.38,10.4,0.014763874
W-1563,Guarded Tail Vintners,White,12.99,5,7.4,0.33,0.44,7.6,0.05,40,227,0.99679,3.12,0.52,9,0.038597967
W-1564,Tremendous Color,White,14.99,5,6.6,0.32,0.41,7.2,0.048,55,178,0.99537,3.2,0.46,9.4,0.044696932
W-1565,High Hill Wines,White,22.99,7,6.4,0.26,0.24,6.4,0.04,27,124,0.9903,3.22,0.49,12.6,0.023523655
W-1566,Moonbeam Vintners,White,11.99,5,7.3,0.32,0.23,13.7,0.05,49,197,0.9985,3.2,0.46,8.7,0.044135301
W-1567,Yeinydd Winery,White,23.99,7,6.8,0.21,0.4,6.3,0.032,40,121,0.99214,3.18,0.53,12,0.020643414
W-1568,Friendly Fox,White,20.99,7,7.4,0.19,0.3,12.8,0.053,48.5,212,0.9986,3.14,0.49,9.1,0.022410269
W-1569,Bookseller Winery,White,13.99,6,5.6,0.225,0.24,9.8,0.054,59,140,0.99545,3.17,0.39,10.2,0.027870602
W-1570,Zealously Honorable Vintners,White,14.99,6,7.7,0.25,0.43,4.5,0.062,20,115,0.9966,3.38,0.5,9.9,0.0256
W-1571,Wonderful Arithmetic,White,15.99,6,6.9,0.28,0.28,12.2,0.042,52,139,0.99522,3.03,0.56,10.4,0.027320538
W-1572,Noelind Wines,White,11.99,5,7.2,0.26,0.74,13.6,0.05,56,162,0.998,3.03,0.44,8.8,0.045269353
W-1573,Zestybus,White,14.99,5,6.9,0.38,0.38,13.1,0.112,14,94,0.99792,3.02,0.48,9.2,0.036982249
W-1574,Jackpot,White,14.99,6,7,0.13,0.3,5,0.056,31,122,0.9945,3.47,0.42,10.5,0.025355998
W-1575,Impossible Notion Winery,White,17.99,6,6,0.39,0.26,2.7,0.038,39,187,0.99325,3.41,0.5,10.8,0.033057851
W-1576,Rare Dirt,White,11.99,5,7.1,0.12,0.32,9.6,0.054,64,162,0.9962,3.4,0.41,9.4,0.038903089
W-1577,Functional Business,White,11.99,5,6,0.16,0.3,6.7,0.043,43,153,0.9951,3.63,0.46,10.6,0.048946668
W-1578,Flying Kite Vintners,White,16.99,6,7.9,0.14,0.28,1.8,0.041,44,178,0.9954,3.45,0.43,9.2,0.024878345
W-1579,Lavish,White,15.99,6,7.5,0.32,0.49,1.7,0.031,44,109,0.9906,3.07,0.46,12.5,0.024878345
W-1580,Insidious Work Wines,White,13.99,6,7.3,0.23,0.41,14.6,0.048,73,223,0.99863,3.16,0.71,9.4,0.029320698
W-1581,Parched Wanderer,White,15.99,6,6.2,0.25,0.39,1.3,0.051,42,135,0.9906,3.23,0.4,11.1,0.028151885
W-1582,Shorogyt Vintners,White,24.99,7,7.2,0.26,0.24,7,0.023,19,130,0.99176,3.14,0.49,12.8,0.020643414
W-1583,Ferirama Vintners,White,9.99,5,6.1,0.36,0.58,15,0.044,42,115,0.9978,3.15,0.51,9,0.036006323
W-1584,Scientific,White,15.99,6,7.9,0.21,0.4,1.2,0.039,38,107,0.992,3.21,0.54,10.8,0.030351224
W-1585,Giddy Crow,White,10.99,5,6.7,0.27,0.25,8,0.053,54,202,0.9961,3.22,0.43,9.3,0.037703836
W-1586,Railroad Vines,White,9.99,4,5.9,0.21,0.28,4.6,0.053,40,199,0.9964,3.72,0.7,10,0.080251025
W-1587,Flagrant Bulb,White,14.99,6,7,0.23,0.33,1,0.043,46,110,0.99118,3.04,0.65,10.8,0.026439289
W-1588,Passbook,White,17.99,6,6.1,0.15,0.29,6.2,0.046,39,151,0.99471,3.6,0.44,10.6,0.024111724
W-1589,Grumpy Monk,White,16.99,6,6.6,0.285,0.49,11.4,0.035,57,137,0.99732,3.08,0.54,8.9,0.030351224
W-1590,Watercolor Wines,White,8.99,4,6.8,0.32,0.34,1.2,0.044,14,67,0.9919,3.05,0.47,10.6,0.05588809
W-1591,Scapegoat,White,17.99,6,7.1,0.2,0.35,3.2,0.034,21,107,0.99195,3.11,0.54,11.1,0.029522561
W-1592,Exotic Fog,White,17.99,6,7.5,0.29,0.67,8.1,0.037,53,166,0.9966,2.9,0.41,8.9,0.02618322
W-1593,Fancy Cup,White,26.99,7,6,0.28,0.27,15.5,0.036,31,134,0.99408,3.19,0.44,13,0.022818339
W-1594,Essentially Coherent,White,13.99,6,6.1,0.18,0.36,2,0.038,20,249.5,0.9923,3.37,0.79,11.3,0.028630243
